show_id,show_title,book_id,book_title,author_id,show_cohort,editor,senior_editor,channel_type,book_genre,stage_label_numbered,sub_stage_label_numbered,current_testing_state,current_age_bucket,book_status,show_status,contract_status,wbp_status,wbp_sub_status,contract_offered_date,contract_signed_date,incentive_flag,create_date,first_chapter_publish_date,last_chapter_publish_date,published_word_count,published_word_count_l30,show_live_length,l7d_active_days,active_days_l30_distinct,moderation_status,editor_score,moderation_evaluation_date,llm_result,llm_score,author_other_book_l30d_active_days,compact_llm_geo,ppv_tag,recent_bad_time,date_10k,date_crossed_50k,date_crossed_100k,date_crossed_200k,date_crossed_300k,date_crossed_400k,date_crossed_h1,date_crossed_h2,date_crossed_h5,date_crossed_h10,date_crossed_h20,date_crossed_h30,date_crossed_h40,p1s1_start,p1s1_end,p1s1_dwell_days,p1s1_testing_geo,p1s1_outcome_status,p1s1_normalized_result,p1s1_pass_rate_status,p1s1_ldau_count,p1s1_eligible_ldau_count,p1s1_retention_rate,p1s1_benchmark_retention_rate,p1s1_ldau_cap,p1s1_stagger_ldau_propagation_done,p1s1_stagger_ldau_matured,p1s2_start,p1s2_end,p1s2_dwell_days,p1s2_testing_geo,p1s2_outcome_status,p1s2_normalized_result,p1s2_pass_rate_status,p1s2_ldau_count,p1s2_eligible_ldau_count,p1s2_retention_rate,p1s2_benchmark_retention_rate,p1s2_ldau_cap,p1s2_stagger_ldau_propagation_done,p1s2_stagger_ldau_matured,p2s1_start,p2s1_end,p2s1_dwell_days,p2s1_testing_geo,p2s1_outcome_status,p2s1_normalized_result,p2s1_pass_rate_status,p2s1_ldau_count,p2s1_eligible_ldau_count,p2s1_retention_rate,p2s1_benchmark_retention_rate,p2s1_ldau_cap,p2s1_stagger_ldau_propagation_done,p2s1_stagger_ldau_matured,p2s2_start,p2s2_end,p2s2_dwell_days,p2s2_testing_geo,p2s2_outcome_status,p2s2_normalized_result,p2s2_pass_rate_status,p2s2_ldau_count,p2s2_eligible_ldau_count,p2s2_retention_rate,p2s2_benchmark_retention_rate,p2s2_ldau_cap,p2s2_stagger_ldau_propagation_done,p2s2_stagger_ldau_matured,p3s1_start,p3s1_end,p3s1_dwell_days,p3s1_testing_geo,p3s1_outcome_status,p3s1_normalized_result,p3s1_pass_rate_status,p3s1_ldau_count,p3s1_eligible_ldau_count,p3s1_retention_rate,p3s1_benchmark_retention_rate,p3s1_ldau_cap,p3s1_stagger_ldau_propagation_done,p3s1_stagger_ldau_matured,p3s2_start,p3s2_end,p3s2_dwell_days,p3s2_testing_geo,p3s2_outcome_status,p3s2_normalized_result,p3s2_pass_rate_status,p3s2_ldau_count,p3s2_eligible_ldau_count,p3s2_retention_rate,p3s2_benchmark_retention_rate,p3s2_ldau_cap,p3s2_stagger_ldau_propagation_done,p3s2_stagger_ldau_matured,Number of books,Book rank,Auth geography,Author book rank (>5k words),Stage Funnel Stage,Stage Funnel Bucket,Stage Funnel Sub-Bucket
fe01aa725eab93a44f707bbab393a9640b0e69db,3 Years Later He Found Me,4a55a8befd270b2f84b24900474046da,3 Years Later He Found Me,9a8dc887bafcea6950d36feb32a752a613d66734,WBP - Filtered,Sanskar,Aakash,No contest,Romance,5.0 P3 Testing Candidates,5.3 P3 S1 In Progress,in_progress,31-45d,approved,active,Rolled back / rejected,rejected,signing_pending,09-07-2026,,Off,13-05-2026,13-05-2026,27-09-2026,425493,57829,56.427778,5,18,moderation_passed,10,14-05-2026,Pass,79,30,USA,testing_p3,2026-07-31T06:11:42.000Z,14-05-2026,26-05-2026,04-06-2026,21-06-2026,16-07-2026,17-09-2026,14-05-2026,17-05-2026,24-05-2026,02-06-2026,17-06-2026,27-06-2026,15-07-2026,28-05-2026,10-06-2026,13,US,passed,passed,passed,64,50,0.54,0.4,30,Yes,Yes,10-06-2026,22-06-2026,12,US,passed,passed,passed,121,79,0.544304,0.4,70,Yes,Yes,18-08-2026,18-08-2026,0,US,progressed,progressed,progressed,0,0,0,,100,No,No,,,,,progressed,,,,,,,,,,18-08-2026,28-09-2026,41,US,in_progress,in_progress,in_progress,516,0,0,0.1,450,Yes,No,,,,,,,,,,,,,,,4,2,ROW,1,P3,Pending / Ongoing,P3 S1 In Progress
247dcedeaecc161909c6ddd57b599f4e38d758d8,A Christmas of Betrayals,82a4b5aee4699b0e27e398d47f9657fe87254fb8,A Christmas of Betrayals,d4f3355ca0ccde8d915d8df854a8703449fc9869,WBP,Krithika,Krithika,No contest,Romance,5.0 P3 Testing Candidates,5.4 P3 S1 Paused,paused,31-45d,approved,active,Live contracted,ongoing,open_for_withdrawal,25-03-2026,13-04-2026,Off,04-12-2025,04-12-2025,23-06-2026,313365,0,36.760556,0,0,moderation_passed,10,04-12-2025,,,12,,testing_p3,,04-12-2025,04-12-2025,10-04-2026,31-05-2026,16-06-2026,,04-12-2025,04-12-2025,04-12-2025,10-04-2026,14-04-2026,31-05-2026,,04-12-2025,20-01-2026,47,,passed,passed,passed,66,30,0.633333,0.4,30,Yes,Yes,20-01-2026,07-02-2026,18,,passed,passed,passed,76,73,0.657534,0.4,70,Yes,Yes,11-04-2026,15-06-2026,65,US,passed,passed,passed,102,101,0.386139,0.26,100,Yes,Yes,15-06-2026,28-08-2026,74,US,progressed,,progressed,179,162,0.123457,0.16,200,No,No,28-08-2026,29-08-2026,1,US,paused,paused,paused,10,0,0,0.1,450,No,No,,,,,,,,,,,,,,,130,38,Nigeria,37,P3,Pending / Ongoing,P3 S1 Paused
aaa698f296d8b031a8ae9b94897fb07edda92f97,A Heart Divided,9b45cf8b76285f483fd023ab961c84fe3fda61c9,A Heart Divided,d6213d1ab0728cb2533ce4e9dcc5fe210874eccc,WBP,Tushar,Aakash,Non-FTC,Romance,5.0 P3 Testing Candidates,5.4 P3 S1 Paused,paused,31-45d,approved,active,Live contracted,ongoing,open_for_withdrawal,16-12-2024,17-12-2024,Off,13-10-2024,13-10-2024,04-11-2024,447922,0,45.243056,0,0,moderation_failed,0,,,,30,,testing_p3,2025-03-07T16:15:12.000Z,13-10-2024,17-10-2024,18-10-2024,21-10-2024,23-10-2024,30-10-2024,13-10-2024,17-10-2024,17-10-2024,18-10-2024,21-10-2024,23-10-2024,30-10-2024,,,,,progressed,,,,,,,,,,,,,,progressed,,,,,,,,,,28-08-2026,28-08-2026,0,US,progressed,,progressed,0,0,0,,100,No,No,,,,,progressed,,,,,,,,,,28-08-2026,,,US,paused,paused,paused,0,0,0,,450,No,No,,,,,,,,,,,,,,,148,17,Nigeria,17,P3,Pending / Ongoing,P3 S1 Paused
c2045ffb46d0538ca44af5ee011be0b36e81c395,A Marriage of Ashes,112e7bac6a60946cf413b78ac87a568f41e03fc6,A Marriage of Ashes,bcd65629816f995fe35ffc9d9994b0bed826b012,WBP,Angel,Krithika,No contest,Romance,5.0 P3 Testing Candidates,5.3 P3 S1 In Progress,in_progress,46-90d,approved,active,Live contracted,ongoing,open_for_withdrawal,16-05-2026,23-06-2026,Off,29-01-2026,02-02-2026,31-07-2026,421845,0,54.196944,0,0,moderation_passed,10,09-02-2026,Pass,85.762,9,USA,testing_p3,,07-02-2026,07-02-2026,09-02-2026,30-05-2026,30-06-2026,31-07-2026,07-02-2026,07-02-2026,07-02-2026,08-02-2026,30-05-2026,30-06-2026,30-06-2026,10-02-2026,04-03-2026,22,US,passed,passed,passed,65,50,0.56,0.4,30,Yes,Yes,04-03-2026,14-05-2026,71,US,passed,passed,passed,144,80,0.5375,0.4,70,Yes,Yes,14-05-2026,09-07-2026,56,US,progressed,,progressed,100,72,0.055556,0.26,100,Yes,No,,,,,progressed,,,,,,,,,,09-07-2026,28-09-2026,81,US,in_progress,in_progress,in_progress,455,276,0,0.1,450,Yes,No,,,,,,,,,,,,,,,116,53,Nigeria,53,P3,Pending / Ongoing,P3 S1 In Progress
a6f94887cb30090252bc97e34a7a53c7a6555b8d,A Surrogate Bride for a Paralyzed Ceo,c2a759f31e030cd30aaafd624e858c0dcaa77878,A Surrogate Bride for a Paralyzed Ceo,c040dbaf39cb2d89cbaab5441acc9719bf33f5ae,WBP,Srijita Ghosh,Pragati,Non-FTC,Drama,6.0 PPV,6.2 PPV,,90+d,approved,active,Completed,completion,open_for_withdrawal,14-02-2024,21-03-2024,On,13-01-2024,13-01-2024,01-09-2026,1894964,3818,220.623889,0,2,moderation_passed,10,26-11-2025,,,17,,ppv,,17-02-2024,21-03-2024,19-04-2024,09-06-2024,18-07-2024,02-09-2024,16-02-2024,24-02-2024,11-03-2024,11-04-2024,30-05-2024,03-07-2024,12-08-2024,,,,,progressed,,,,,,,,,,,,,,progressed,,,,,,,,,,,,,,progressed,,,,,,,,,,19-06-2025,19-06-2025,0,,progressed,paused,paused,,,,,,,,,,,,progressed,,,,,,,,,,19-06-2025,10-07-2025,21,,progressed,paused,paused,,,,,,,,13,1,ROW,1,PPV,Currently PPV,
215d4622bad0b1fca5cb36bca9f92b3c41d21f7e,Aiden's Regression,1a7c9b26407d9d998e752668a76b41a8,Aiden's Regression,005c6c7f5f5de3fc7e3c7b7354aeab35e7d72a47,WBP - Filtered,Malini,Anisha,Non-FTC,System and Superpower,5.0 P3 Testing Candidates,5.3 P3 S1 In Progress,in_progress,31-45d,approved,active,Live contracted,ongoing,open_for_withdrawal,09-07-2026,10-08-2026,On,01-06-2026,01-06-2026,27-09-2026,395910,82103,40.790833,6,27,moderation_passed,10,01-06-2026,Pass,79,29,ROW,testing_p3,2026-06-19T06:03:16.000Z,01-06-2026,03-06-2026,04-06-2026,06-07-2026,23-08-2026,,01-06-2026,01-06-2026,03-06-2026,04-06-2026,07-07-2026,21-08-2026,24-09-2026,05-06-2026,19-06-2026,14,ROW,failed,failed,failed,58,49,0.244898,0.265319,30,Yes,Yes,,,,,progressed,,,,,,,,,,09-07-2026,20-08-2026,42,US,passed,passed,passed,110,101,0.455446,0.26,100,Yes,Yes,20-08-2026,28-08-2026,8,US,progressed,,progressed,153,33,0.181818,0.16,200,No,No,28-08-2026,28-09-2026,31,US,in_progress,in_progress,in_progress,476,0,0,0.1,450,Yes,No,,,,,,,,,,,,,,,51,37,ROW,33,P3,Pending / Ongoing,P3 S1 In Progress
5cf4b46f18d6bb7294440595874ef70922a2b9a3,Alabama Royal,9e3c4709aa8d1dbe767f28f1093633dfd82f2438,Alabama Royal,3f48579a30c620810fd4eef77a5438593a4031fd,WBP,Tejaswini,Pragati,Non-FTC,Romance,5.0 P3 Testing Candidates,5.3 P3 S1 In Progress,in_progress,46-90d,approved,active,Live contracted,ongoing,open_for_withdrawal,25-04-2026,09-08-2026,On,07-02-2026,08-02-2026,27-09-2026,403858,50585,45.391667,5,23,moderation_passed,10,16-02-2026,Pass,71.038,0,USA,testing_p3,,16-02-2026,11-03-2026,01-05-2026,09-06-2026,29-07-2026,26-09-2026,16-02-2026,25-02-2026,11-03-2026,16-04-2026,03-06-2026,09-07-2026,05-09-2026,12-03-2026,31-03-2026,19,US,passed,passed,passed,62,45,0.555556,0.4,30,Yes,Yes,31-03-2026,13-04-2026,13,US,passed,passed,passed,90,79,0.506329,0.4,70,Yes,Yes,29-04-2026,08-06-2026,40,US,passed,passed,passed,104,102,0.323529,0.26,100,Yes,Yes,08-06-2026,28-07-2026,50,US,progressed,,progressed,217,67,0.253731,0.16,200,Yes,No,28-07-2026,28-09-2026,62,US,in_progress,in_progress,in_progress,474,394,0.147208,0.1,450,Yes,No,,,,,,,,,,,,,,,1,1,USA,1,P3,Pending / Ongoing,P3 S1 In Progress
4335258b71733375cbccc0fbf7ce0bf0975b095d,Alex & the Prison System,6135aa37137cc0e243dab67907ed9aabe73deeb8,Alex & the Prison System,005c6c7f5f5de3fc7e3c7b7354aeab35e7d72a47,WBP,Apoorva,Cortney,Non-FTC,System and Superpower,6.0 PPV,6.1 P3 Passed - Action Awaited,,31-45d,approved,active,Live contracted,ongoing,open_for_withdrawal,27-01-2026,02-02-2026,On,31-12-2025,31-12-2025,27-09-2026,688096,109871,79.047778,7,29,moderation_passed,10,01-01-2026,,,27,,testing_p3,,31-12-2025,02-01-2026,10-01-2026,21-02-2026,29-04-2026,27-06-2026,31-12-2025,01-01-2026,01-01-2026,06-01-2026,11-02-2026,13-03-2026,16-05-2026,03-01-2026,19-01-2026,16,,passed,passed,passed,96,66,0.666667,0.4,30,Yes,Yes,,,,,progressed,,,,,,,,,,24-08-2026,24-08-2026,0,US,progressed,progressed,progressed,0,0,0,,100,No,No,18-03-2026,24-04-2026,37,ROW,passed,passed,passed,376,201,0.119403,0.100724,200,Yes,Yes,24-08-2026,,35,US,in_progress,in_progress,in_progress,482,0,0,0.1,450,Yes,No,03-07-2026,24-08-2026,52,US,passed,passed,passed,495,495,0.109091,0.059,450,Yes,Yes,51,28,ROW,25,P3,Progressed from P3,Recorded Pass
362902a5f0edf9862b88e64b166bdf3fa44487fc,Almighty Sword Domain,2812738556eb7ca4f12d7fc69469c6cef8e2e39e,Almighty Sword Domain,39c43ce2d445884af6b129f40a21a096f9eaccd1,WBP - Filtered,Priyanshi,Anisha,No contest,Fantasy,5.0 P3 Testing Candidates,5.3 P3 S1 In Progress,in_progress,4-15d,approved,active,Live contracted,ongoing,open_for_withdrawal,26-08-2026,06-09-2026,On,25-07-2025,25-07-2025,27-09-2026,1088319,319196,111.558056,7,30,moderation_passed,10,11-09-2025,,,25,,testing_p3,2025-12-30T06:14:43.000Z,25-07-2025,26-07-2025,28-12-2025,31-12-2025,06-01-2026,11-01-2026,25-07-2025,26-07-2025,26-07-2025,28-12-2025,31-12-2025,06-01-2026,09-01-2026,,,,,progressed,,,,,,,,,,26-11-2025,30-12-2025,34,,failed,failed,failed,,,,,,,,28-08-2026,17-09-2026,20,US,progressed,,progressed,12,0,0,0.26,100,No,No,,,,,progressed,,,,,,,,,,17-09-2026,28-09-2026,11,US,in_progress,in_progress,in_progress,150,0,0,0.1,450,No,No,,,,,,,,,,,,,,,11,1,Nigeria,1,P3,Pending / Ongoing,P3 S1 In Progress
f11e794eecc64915145ae97085e04201646abfe3,Almost His Bride,7e7bc8a3c38cf0ba6e228745477839542e39d461,Almost His Bride,d4f3355ca0ccde8d915d8df854a8703449fc9869,WBP,Tejaswini,Pragati,No contest,Romance,5.0 P3 Testing Candidates,5.4 P3 S1 Paused,paused,31-45d,approved,active,Live contracted,ongoing,open_for_withdrawal,15-02-2026,24-02-2026,Off,03-09-2025,03-09-2025,06-04-2026,354707,0,50.150833,0,0,moderation_passed,10,11-09-2025,,,12,,testing_p3,2026-04-10T07:21:32.000Z,03-09-2025,04-09-2025,18-02-2026,18-02-2026,13-03-2026,,03-09-2025,04-09-2025,04-09-2025,07-09-2025,18-02-2026,05-03-2026,12-03-2026,,,,,progressed,,,,,,,,,,03-11-2025,16-02-2026,105,,passed,passed,passed,,,,,,,,28-08-2026,28-08-2026,0,US,progressed,progressed,progressed,0,0,0,,100,No,No,,,,,progressed,,,,,,,,,,28-08-2026,,,US,paused,paused,paused,0,0,0,,450,No,No,,,,,,,,,,,,,,,130,8,Nigeria,7,P3,Pending / Ongoing,P3 S1 Paused
d2aaef61d998c9f90c2df15eafe1acd784549269,Alpha Braxton,7084d022bfa7b54e352c0906efdf2a23b96b78e5,Alpha Braxton,2c65692c0978ef044c06ad7044df935625e8279b,WBP,Ashi,Harley,Non-FTC,Romantasy,5.0 P3 Testing Candidates,5.3 P3 S1 In Progress,in_progress,31-45d,approved,active,Live contracted,ongoing,open_for_withdrawal,01-02-2025,10-02-2025,Off,08-11-2024,08-11-2024,26-09-2026,618755,26762,61.661111,2,13,moderation_passed,10,12-09-2025,,,8,,testing_p3,2026-01-02T08:13:57.000Z,09-11-2024,28-11-2024,16-02-2025,09-08-2025,23-12-2025,10-04-2026,09-11-2024,13-11-2024,28-11-2024,16-02-2025,09-08-2025,23-12-2025,13-04-2026,,,,,progressed,,,,,,,,,,06-12-2024,03-02-2025,59,,passed,passed,passed,,,,,,,,24-08-2026,24-08-2026,0,US,progressed,,progressed,0,0,0,,100,No,No,,,,,progressed,,,,,,,,,,24-08-2026,28-09-2026,35,US,in_progress,in_progress,in_progress,485,0,0,0.1,450,Yes,No,,,,,,,,,,,,,,,7,1,Nigeria,1,P3,Pending / Ongoing,P3 S1 In Progress
44f5a6fb4876567a5eec3722df1d0a3d436d8bdf,Alpha Kyros,8eed131a5c570220a1067b4973322770a099038d,Alpha Kyros,9e0c00c7324256efe389d44f27b33479f539988c,WBP,Manaswini,Harley,Non-FTC,Romantasy,5.0 P3 Testing Candidates,5.8 P3 S2 In Progress,in_progress,31-45d,approved,active,Live contracted,ongoing,open_for_withdrawal,22-11-2025,24-11-2025,On,07-10-2025,07-10-2025,27-09-2026,573011,111984,61.343611,7,28,moderation_passed,10,07-10-2025,Pass,79.442,0,USA,testing_p3,,07-10-2025,27-10-2025,26-11-2025,18-01-2026,19-03-2026,08-08-2026,07-10-2025,13-10-2025,24-10-2025,19-11-2025,09-01-2026,25-02-2026,03-05-2026,,,,,progressed,,,,,,,,,,03-11-2025,03-12-2025,30,,passed,passed,passed,,,,,,,,03-12-2025,09-01-2026,37,,passed,passed,passed,112,106,0.424528,0.26,100,Yes,Yes,09-01-2026,17-02-2026,39,,progressed,,,69,1,0,0.16,200,No,No,20-08-2026,,39,US,in_progress,in_progress,in_progress,2035,0,0,0.1,2000,Yes,No,20-08-2026,,39,US,in_progress,in_progress,in_progress,2035,0,0,0.059,2000,Yes,No,1,1,ROW,1,P3,Pending / Ongoing,P3 S2 In Progress
b7410aeb19f92f7df4ccab821b5a28bfd7d73027,Alpha Regulus,8c181abd56f97e07f5e038fad9f9078e0163974c,Alpha Regulus,5b468495a4d19abf7ee296604bbc88876ac1609d,WBP,Ankita,Cortney,Non-FTC,Romantasy,5.0 P3 Testing Candidates,5.3 P3 S1 In Progress,in_progress,31-45d,approved,active,Live contracted,ongoing,open_for_withdrawal,19-07-2025,24-07-2025,On,04-03-2025,10-05-2025,26-09-2026,1273906,102233,153.849167,6,25,moderation_passed,10,16-05-2025,,,26,,testing_p3,,11-05-2025,25-05-2025,09-06-2025,04-08-2025,06-09-2025,27-10-2025,11-05-2025,16-05-2025,22-05-2025,01-06-2025,05-07-2025,13-08-2025,06-09-2025,,,,,progressed,,,,,,,,,,16-05-2025,08-07-2025,53,,passed,passed,passed,,,,,,,,25-08-2026,25-08-2026,0,US,progressed,,progressed,0,0,0,,100,No,No,,,,,progressed,,,,,,,,,,25-08-2026,,34,US,in_progress,in_progress,in_progress,457,0,0,0.1,450,Yes,No,,,,,,,not_recorded,,,,,,,,14,7,Nigeria,6,P3,Pending / Ongoing,P3 S1 In Progress
d6ecb3540b1fdba82ccfa1fa9d0dbaa8fe59424c,Among the Undead,fb6094212979e240e8510ea979d2c7179648cfc0,Among the Undead,1791ec07665eb0bb352ba799428c753089307c2d,WBP,Manaswini,Harley,Non-FTC,Suspense or Thriller,5.0 P3 Testing Candidates,5.3 P3 S1 In Progress,in_progress,31-45d,approved,active,Live contracted,ongoing,open_for_withdrawal,14-07-2025,12-08-2025,On,06-05-2025,07-05-2025,26-09-2026,1588261,110225,207.065278,6,24,moderation_passed,10,27-11-2025,,,13,,testing_p3,2026-04-11T06:49:14.000Z,07-05-2025,29-05-2025,08-06-2025,28-07-2025,03-09-2025,12-10-2025,07-05-2025,07-05-2025,11-05-2025,04-06-2025,16-07-2025,19-08-2025,18-09-2025,,,,,progressed,,,,,,,,,,14-05-2025,27-06-2025,44,,passed,passed,passed,,,,,,,,28-08-2026,28-08-2026,0,US,progressed,,progressed,0,0,0,,100,No,No,,,,,progressed,,,,,,,,,,28-08-2026,28-09-2026,31,US,in_progress,in_progress,in_progress,232,0,0,0.1,450,No,No,,,,,,,,,,,,,,,18,6,USA,5,P3,Pending / Ongoing,P3 S1 In Progress
cdb3a84d505dbefdca86cae60d3db90f949368f1,Amulet of the Gods,1730a7a223b1596a9c5dd8685e6fd74384a53773,Amulet of the Gods,9256fe2c283821e4bc0ffbbbb6f7abdff6a0dfee,WBP,Chitra,Akash,Non-FTC,System and Superpower,6.0 PPV,6.2 PPV,,90+d,approved,active,Live contracted,ongoing,open_for_withdrawal,18-08-2024,22-08-2024,On,01-08-2024,01-08-2024,26-09-2026,1191920,53757,135.596389,3,13,moderation_passed,10,28-11-2025,,,0,,ppv,,02-08-2024,22-08-2024,15-09-2024,05-11-2024,31-12-2024,22-03-2025,02-08-2024,03-08-2024,19-08-2024,11-09-2024,26-10-2024,10-12-2024,30-01-2025,,,,,progressed,,,,,,,,,,,,,,progressed,,,,,,,,,,,,,,progressed,,,,,,,,,,19-06-2025,19-06-2025,0,,progressed,paused,paused,,,,,,,,,,,,progressed,,,,,,,,,,19-06-2025,26-07-2025,37,,passed,passed,passed,,,,,,,,8,3,USA,3,PPV,Currently PPV,
fc599fbc708fd150dfe8d867a18a17fa8b439c84,Anything for Sunny,e367f84053e48662e7d3182ea482424b6cd81464,Anything for Sunny,cc0c4cf42fc1ec8cb90c370a58dd37a9c2d35753,WBP,Akash,Akash,No contest,Drama,5.0 P3 Testing Candidates,5.3 P3 S1 In Progress,in_progress,31-45d,approved,active,Live contracted,ongoing,open_for_withdrawal,02-08-2025,25-08-2025,Off,22-04-2025,23-04-2025,12-02-2026,505975,0,44.015278,0,0,moderation_passed,10,29-05-2025,,,0,,testing_p3,2026-05-08T06:26:02.000Z,11-05-2025,19-06-2025,07-07-2025,17-08-2025,23-09-2025,15-11-2025,17-05-2025,07-06-2025,21-06-2025,11-07-2025,26-08-2025,11-10-2025,30-12-2025,,,,,progressed,,,,,,,,,,29-05-2025,20-07-2025,52,,passed,passed,passed,,,,,,,,28-08-2026,28-08-2026,0,US,progressed,,progressed,0,0,0,,100,No,No,,,,,progressed,,,,,,,,,,28-08-2026,28-09-2026,31,US,in_progress,in_progress,in_progress,248,0,0,0.1,450,No,No,,,,,,,,,,,,,,,6,1,USA,1,P3,Pending / Ongoing,P3 S1 In Progress
bbaf98e4e43fc8963698d00c4a338957fb765b85,Artifact Spirit System,d814ee70465a07c67175e7992ed8582c,Artifact Spirit System,e6bfe99460a6c4de4a24e8f737c7ed24a14c4dba,WBP,Nihar,Sumana,No contest,System and Superpower,6.0 PPV,6.2 PPV,,46-90d,approved,active,Live contracted,ongoing,open_for_withdrawal,23-04-2026,30-04-2026,On,06-04-2026,06-04-2026,27-09-2026,514619,95237,69.437222,7,30,moderation_passed,10,06-04-2026,Fail,51,0,FAIL,ppv,2026-05-05T03:36:02.000Z,10-04-2026,18-04-2026,06-05-2026,08-06-2026,13-07-2026,21-08-2026,05-04-2026,10-04-2026,14-04-2026,27-04-2026,23-05-2026,14-06-2026,12-07-2026,,,,,progressed,,,,,,,,,,,,,,progressed,,,,,,,,,,,,,,progressed,,,,,,,,,,,,,,progressed,,,,,,,,,,11-05-2026,27-05-2026,16,US,progressed,,progressed,2001,0,0,0.1,2000,Yes,No,27-05-2026,07-07-2026,41,US,progressed,,progressed,2124,737,0,0.059,2000,Yes,No,1,1,India,1,PPV,Currently PPV,
cae77d999ed2205a1ab04a54470de972ddd8bc69,Atlas of My Heart,7f2b4e18b7c45a89811543cb99dbedf9be2975f6,Atlas of My Heart,7d4ea1611c64439d980dfce70f2a7deb88046f8c,WBP,Divyansh,Divyansh,No contest,Romance,5.0 P3 Testing Candidates,5.3 P3 S1 In Progress,in_progress,16-30d,approved,active,Live contracted,ongoing,open_for_withdrawal,24-05-2025,27-05-2025,Off,01-02-2025,18-02-2025,02-09-2026,392729,5895,36.3975,0,2,moderation_passed,10,05-12-2025,,,19,,testing_p3,,21-02-2025,26-03-2025,24-05-2025,06-07-2025,18-12-2025,,21-02-2025,04-03-2025,09-04-2025,28-05-2025,14-07-2025,07-01-2026,,,,,,progressed,,,,,,,,,,27-02-2025,16-06-2025,109,,passed,passed,passed,,,,,,,,01-09-2026,01-09-2026,0,US,progressed,,progressed,0,0,0,,100,No,No,,,,,progressed,,,,,,,,,,01-09-2026,28-09-2026,27,US,in_progress,in_progress,in_progress,54,0,0,0.1,450,No,No,,,,,,,,,,,,,,,24,4,Nigeria,4,P3,Pending / Ongoing,P3 S1 In Progress
1e2b4197fd4a9f595c560bc8d4530339758b031a,Becoming Garrison Green,37472c9d8e05ada8e218ce7e52196231eae527c0,Becoming Garrison Green,458f760250f32aa5d59cdb821d1eaa9a7ff18efd,WBP,Tejaswini,Pragati,Non-FTC,Drama,6.0 PPV,6.1 P3 Passed - Action Awaited,,31-45d,approved,active,Live contracted,ongoing,open_for_withdrawal,21-01-2026,27-01-2026,On,02-11-2025,02-11-2025,23-09-2026,581077,26426,62.685833,2,21,moderation_passed,10,03-11-2025,,,21,,testing_p3,,04-11-2025,03-12-2025,03-01-2026,23-02-2026,26-04-2026,12-06-2026,03-11-2025,08-11-2025,28-11-2025,30-12-2025,16-02-2026,06-04-2026,21-05-2026,,,,,progressed,,,,,,,,,,25-11-2025,20-01-2026,56,,passed,passed,passed,,,,,,,,24-08-2026,24-08-2026,0,US,progressed,progressed,progressed,0,0,0,,100,No,No,16-03-2026,30-04-2026,45,ROW,progressed,,progressed,499,119,0.058824,0.100724,200,Yes,No,24-08-2026,,35,US,in_progress,in_progress,in_progress,454,0,0,0.1,450,Yes,No,17-07-2026,24-08-2026,38,US,passed,passed,passed,458,458,0.072052,0.059,450,Yes,Yes,10,8,USA,8,P3,Progressed from P3,Recorded Pass
cce017649e6098a735e72b5dbfed27f3c95bad78,Between Love and Betrayal,b281773f9baae3d711dd6d35b3dc47302d639314,Between Love and Betrayal,aae1a9225e90867eb95fc1d631fc1be4dde6ed4b,WBP - Filtered,Chitra,Akash,No contest,Romance,5.0 P3 Testing Candidates,5.3 P3 S1 In Progress,in_progress,31-45d,unpublished,active,Rolled back / rejected,rejected,,,,Off,21-02-2026,21-02-2026,27-09-2026,453455,54033,53.565278,4,19,moderation_passed,10,23-02-2026,Pass,86.294,6,USA,testing_p3,2026-04-20T07:04:02.000Z,23-02-2026,02-03-2026,07-03-2026,21-03-2026,06-04-2026,04-09-2026,23-02-2026,24-02-2026,28-02-2026,06-03-2026,17-03-2026,31-03-2026,15-04-2026,03-03-2026,20-03-2026,17,,passed,passed,passed,88,57,0.403509,0.4,30,Yes,Yes,,,,,progressed,,,,,,,,,,28-08-2026,28-08-2026,0,US,progressed,progressed,progressed,0,0,0,,100,No,No,,,,,progressed,,,,,,,,,,28-08-2026,28-09-2026,31,US,in_progress,in_progress,in_progress,489,0,0,0.1,450,Yes,No,,,,,,,,,,,,,,,25,4,ROW,4,P3,Pending / Ongoing,P3 S1 In Progress
1a5df306886a7b0e7736ec2c8efad3467507a1c6,Billionaire Bentley’s Runaway Princess,b7487b168bcbcc24c67fecba0418fede1517d0c0,Billionaire Bentley’s Runaway Princess,28426746304c563636ca7d1d2b77d07cbe2d3274,WBP,Manmohan,Aakash,Non-FTC,Romance,5.0 P3 Testing Candidates,5.3 P3 S1 In Progress,in_progress,31-45d,approved,active,Completed,completion,open_for_withdrawal,10-06-2024,17-06-2024,Off,19-03-2024,19-03-2024,20-02-2025,385100,0,38.783611,0,0,moderation_passed,10,,,,27,,testing_p3,2025-11-03T10:45:30.000Z,29-05-2024,03-07-2024,03-08-2024,09-10-2024,29-11-2024,,30-05-2024,12-06-2024,03-07-2024,02-08-2024,09-10-2024,26-11-2024,,,,,,progressed,,,,,,,,,,,,,,progressed,,,,,,,,,,28-08-2026,28-08-2026,0,US,progressed,,progressed,0,0,0,,100,No,No,,,,,progressed,,,,,,,,,,28-08-2026,28-09-2026,31,US,in_progress,in_progress,in_progress,485,0,0,0.1,450,Yes,No,,,,,,,,,,,,,,,6,1,Nigeria,1,P3,Pending / Ongoing,P3 S1 In Progress
05081ee1026b5a4754958dd34670379788a6d672,Billionaire Prison Bride,66d77d0a0a27ed396828731222e4802b,Billionaire Prison Bride,d2e808a1045ec310e3c56837c70da54569a05244,WBP,Gaurav,Krithika,No contest,Romance,5.0 P3 Testing Candidates,5.3 P3 S1 In Progress,in_progress,16-30d,approved,active,Live contracted,ongoing,open_for_withdrawal,03-08-2026,07-08-2026,On,13-06-2026,13-06-2026,27-09-2026,369285,114422,45.693889,7,28,moderation_passed,10,13-06-2026,Pass,71,29,ROW,testing_p3,,13-06-2026,16-06-2026,06-07-2026,15-08-2026,11-09-2026,,13-06-2026,14-06-2026,15-06-2026,02-07-2026,08-08-2026,27-08-2026,16-09-2026,18-06-2026,02-07-2026,14,ROW,passed,passed,passed,35,32,0.6875,0.170894,30,Yes,Yes,02-07-2026,09-07-2026,7,ROW,progressed,,progressed,89,35,0.714286,0.170894,70,Yes,No,09-07-2026,18-08-2026,40,US,passed,passed,passed,143,119,0.436975,0.26,100,Yes,Yes,18-08-2026,01-09-2026,14,US,progressed,,progressed,208,28,0,0.16,200,Yes,No,01-09-2026,28-09-2026,27,US,in_progress,in_progress,in_progress,411,0,0,0.1,450,No,No,,,,,,,,,,,,,,,17,15,Nigeria,14,P3,Pending / Ongoing,P3 S1 In Progress
0433315d89000a02178e5d4fb75f31de3d906cff,Billionaire Secret Babies,99d2bcfdcbdf15fc475634d2d6c687c6f4dd09f2,Billionaire Secret Babies,f9a2534a8b6f4b3403c1135eae7698df91f3df18,WBP,Srijita Ghosh,Pragati,No contest,Romance,5.0 P3 Testing Candidates,5.4 P3 S1 Paused,paused,31-45d,approved,active,Live contracted,ongoing,open_for_withdrawal,22-04-2024,03-05-2024,Off,29-03-2024,29-03-2024,18-09-2025,385449,0,35.445556,0,0,moderation_passed,10,,,,21,,testing_p3,,29-03-2024,02-05-2024,26-05-2024,29-07-2024,20-10-2024,,29-03-2024,14-04-2024,04-05-2024,30-05-2024,06-08-2024,07-11-2024,,,,,,progressed,,,,,,,,,,,,,,progressed,,,,,,,,,,,,,,progressed,,,,,,,,,,25-08-2025,28-08-2026,368,ROW,progressed,paused,paused,,,,,,,,28-08-2026,,,US,paused,paused,paused,0,0,0,,450,No,No,,,,,,,,,,,,,,,9,2,Nigeria,2,P3,Pending / Ongoing,P3 S1 Paused
9187815245dbab381e06e99b89e34db3f811e066,Billionaire's Pursuit,edc24c60dacceb338eedf50d73bebd2b5d9e5084,Billionaire's Pursuit,b9d802ea751b72c68edb0c3746fee9a9c4f12d8a,WBP,Chitra,Akash,No contest,Romance,5.0 P3 Testing Candidates,5.3 P3 S1 In Progress,in_progress,31-45d,approved,active,Live contracted,ongoing,open_for_withdrawal,20-08-2025,25-08-2025,Off,18-01-2025,18-01-2025,27-09-2026,421376,18043,41.576111,7,8,moderation_passed,10,03-12-2025,,,30,,testing_p3,2025-12-28T06:28:23.000Z,18-01-2025,13-02-2025,21-03-2025,11-09-2025,07-11-2025,16-05-2026,18-01-2025,11-02-2025,12-02-2025,20-03-2025,11-09-2025,03-12-2025,21-09-2026,,,,,progressed,,,,,,,,,,11-02-2025,25-05-2025,103,,passed,passed,passed,,,,,,,,28-08-2026,28-08-2026,0,US,progressed,,progressed,0,0,0,,100,No,No,,,,,progressed,,,,,,,,,,28-08-2026,28-09-2026,31,US,in_progress,in_progress,in_progress,51,0,0,0.1,450,No,No,,,,,,,,,,,,,,,8,1,Nigeria,1,P3,Pending / Ongoing,P3 S1 In Progress
a9dd2d51d9347ce1a50ee64d1a38a6c33539ebc1,Billionaires Love Me,186d31d3dfb0e0e0f5982c801061705dbcc62cb8,Billionaires Love Me,b9d802ea751b72c68edb0c3746fee9a9c4f12d8a,WBP,Tejaswini,Pragati,Non-FTC,Romance,5.0 P3 Testing Candidates,5.3 P3 S1 In Progress,in_progress,31-45d,approved,active,Live contracted,ongoing,open_for_withdrawal,23-05-2025,28-05-2025,Off,02-03-2025,02-03-2025,27-09-2026,536383,15104,53.431667,7,8,moderation_passed,10,01-12-2025,,,30,,testing_p3,2026-02-05T11:21:10.000Z,04-03-2025,14-03-2025,27-05-2025,03-07-2025,21-08-2025,19-12-2025,04-03-2025,06-03-2025,14-03-2025,27-05-2025,02-07-2025,20-08-2025,15-12-2025,,,,,progressed,,,,,,,,,,06-03-2025,12-05-2025,67,,passed,passed,passed,,,,,,,,28-08-2026,28-08-2026,0,US,progressed,,progressed,0,0,0,,100,No,No,,,,,progressed,,,,,,,,,,28-08-2026,28-09-2026,31,US,in_progress,in_progress,in_progress,169,0,0,0.1,450,No,No,,,,,,,,,,,,,,,8,2,Nigeria,2,P3,Pending / Ongoing,P3 S1 In Progress
a92aaf29dca1833b578f42a2abbcdab8db2ff12e,Bought for the Ice Ceo,520eb2cc1bdbf2c587154d02fd043dac,Bought for the ICE CEO,79e305a8458beb3ad9fcd1f8e6e88d662c1f4b19,WBP - Filtered,Chandradeep,Anisha,Non-FTC,Romance,5.0 P3 Testing Candidates,5.8 P3 S2 In Progress,in_progress,0-3d,approved,active,Live contracted,ongoing,open_for_withdrawal,18-06-2026,01-07-2026,On,16-05-2026,16-05-2026,27-09-2026,415375,86958,54.074444,7,26,moderation_passed,10,17-05-2026,Pass,82,10,USA,testing_p3,,18-05-2026,29-05-2026,14-06-2026,18-07-2026,20-08-2026,23-09-2026,17-05-2026,19-05-2026,24-05-2026,07-06-2026,07-07-2026,28-07-2026,21-08-2026,30-05-2026,12-06-2026,13,US,passed,passed,passed,62,44,0.568182,0.4,30,Yes,Yes,12-06-2026,24-06-2026,12,US,passed,passed,passed,127,74,0.554054,0.4,70,Yes,Yes,24-06-2026,03-08-2026,40,US,passed,passed,passed,109,105,0.4,0.26,100,Yes,Yes,,,,,progressed,,,,,,,,,,03-08-2026,25-09-2026,53,US,failed,failed,failed,563,466,0.092275,0.1,450,Yes,Yes,25-09-2026,28-09-2026,3,US,in_progress,in_progress,in_progress,563,273,0.047619,0.059,450,Yes,No,3,2,Nigeria,2,P3,Pending / Ongoing,P3 S2 In Progress
5c0a4a3bda3c16a4ed94c8945bade52e165a2848,Bound to Reclusive Alpha,c1167eb2ef3df2cafe481228e4e8cb7217013851,Bound to Reclusive Alpha,324b73601d43f259347dc711b54ea7b79ea48a7f,WBP,Angel,Krithika,Non-FTC,Fantasy,5.0 P3 Testing Candidates,5.3 P3 S1 In Progress,in_progress,31-45d,approved,active,Completed,completion,open_for_withdrawal,09-06-2025,13-06-2025,Off,07-03-2025,07-03-2025,10-08-2026,491809,0,77.714722,0,0,moderation_passed,10,04-06-2026,,,0,,testing_p3,2026-07-27T06:03:23.000Z,08-03-2025,03-04-2025,23-06-2025,01-08-2025,18-06-2026,12-07-2026,08-03-2025,08-03-2025,27-03-2025,11-04-2025,03-07-2025,27-07-2025,02-06-2026,,,,,progressed,,,,,,,,,,11-03-2025,19-06-2025,100,,passed,passed,passed,,,,,,,,11-12-2025,04-06-2026,175,US,error,error,error,105,101,0.306931,0.26,100,Yes,Yes,04-06-2026,27-07-2026,53,US,failed,failed,failed,217,212,0.127358,0.16,200,Yes,Yes,28-08-2026,28-09-2026,31,US,in_progress,in_progress,in_progress,475,0,0,0.1,450,Yes,No,,,,,,,,,,,,,,,10,5,Nigeria,4,P3,Pending / Ongoing,P3 S1 In Progress
328a6c95d732271bc4717aa2abf3a7c15f89a25e,Braving the Rapid Waters,ddca6ce61aff3d5db7306e31171b6cfe50fbb166,Braving the Rapid Waters,25decaf29e7217be70ec0a0b3721345c79abc52d,WBP,Angel,Krithika,No contest,Romance,5.0 P3 Testing Candidates,5.3 P3 S1 In Progress,in_progress,90+d,approved,active,Live contracted,ongoing,open_for_withdrawal,15-05-2026,22-07-2026,Off,24-01-2026,24-01-2026,23-09-2026,411885,4827,55.946389,2,2,moderation_passed,10,24-01-2026,Pass,85.752,24,USA,testing_p3,,26-01-2026,04-02-2026,21-03-2026,27-05-2026,17-06-2026,23-08-2026,24-01-2026,26-01-2026,03-02-2026,05-03-2026,15-04-2026,31-05-2026,14-06-2026,29-01-2026,15-04-2026,76,US,passed,passed,passed,34,32,0.5625,0.4,30,Yes,Yes,15-04-2026,30-04-2026,15,US,passed,passed,passed,72,72,0.486111,0.4,70,Yes,Yes,30-04-2026,22-06-2026,53,US,progressed,,progressed,106,99,0.212121,0.26,100,Yes,No,,,,,progressed,,,,,,,,,,22-06-2026,28-09-2026,98,US,in_progress,in_progress,in_progress,453,445,0.080899,0.1,450,Yes,No,,,,,,,,,,,,,,,13,3,USA,1,P3,Pending / Ongoing,P3 S1 In Progress
514efd834428337923e640a1254ea9d7477b18b3,Bride of a Dragon,1e829ae08303d9a0a108be02f523ee56800ff126,Bride of a Dragon,885f1bd0782062e0f7a0107f417dded144d7d9f5,WBP,Manaswini,Harley,Non-FTC,Romantasy,6.0 PPV,6.2 PPV,,90+d,approved,active,Live contracted,ongoing,open_for_withdrawal,22-11-2025,26-02-2026,On,12-11-2025,12-11-2025,27-09-2026,757828,54997,89.465556,7,28,moderation_passed,10,18-11-2025,Pass,81.068,0,USA,ppv,,18-11-2025,14-12-2025,03-01-2026,10-02-2026,16-03-2026,20-04-2026,17-11-2025,23-11-2025,08-12-2025,20-12-2025,20-01-2026,22-02-2026,22-03-2026,04-12-2025,02-01-2026,29,,passed,passed,passed,74,40,0.525,0.4,30,Yes,Yes,,,,,progressed,,,,,,,,,,02-01-2026,17-02-2026,46,,progressed,,,123,51,0.45098,0.26,100,Yes,No,,,,,progressed,,,,,,,,,,17-02-2026,17-03-2026,28,US,progressed,,progressed,2040,0,0,0.1,2000,Yes,No,17-03-2026,30-04-2026,44,US,progressed,,progressed,2082,1114,0.093357,0.059,2000,Yes,No,6,4,USA,3,PPV,Currently PPV,
48b422f2dbf0dc909fde9fadad832fde3d20f4a4,Bride of the Ice Ceo,17931dfdae61ca858c6648a0df0cb5b12779b81a,Bride of the Ice CEO,b6132cad9b6e57fde24f3a534cc73856d7b94236,WBP,Tejaswini,Pragati,Non-FTC,Romance,6.0 PPV,6.1 P3 Passed - Action Awaited,,0-3d,approved,active,Live contracted,ongoing,open_for_withdrawal,19-04-2026,04-05-2026,Off,03-03-2026,03-03-2026,27-09-2026,560112,62222,63.276944,7,28,moderation_passed,10,03-03-2026,Pass,86.864,0,USA,testing_p3,,03-03-2026,20-03-2026,13-04-2026,09-05-2026,15-06-2026,20-07-2026,03-03-2026,06-03-2026,17-03-2026,08-04-2026,05-05-2026,01-06-2026,03-07-2026,21-03-2026,04-04-2026,14,US,passed,passed,passed,70,41,0.585366,0.4,30,Yes,Yes,,,,,progressed,,,,,,,,,,16-04-2026,24-05-2026,38,US,passed,passed,passed,106,101,0.366337,0.26,100,Yes,Yes,24-05-2026,09-07-2026,46,US,progressed,,progressed,335,82,0.158537,0.16,200,Yes,No,09-07-2026,17-09-2026,70,US,passed,passed,passed,511,460,0.186957,0.1,450,Yes,Yes,17-09-2026,28-09-2026,11,US,passed,passed,passed,511,460,0.132609,0.059,450,Yes,Yes,14,7,Nigeria,7,P3,Progressed from P3,Recorded Pass
71bfacd374965f4c980894477e36ea695b41c609,Bride Who Didn't Want Him,811ff87971db65454e2168cbf90cdc21,Bride Who Didn't Want Him,23f0fca92de022b911f7a9da2245978b58801feb,WBP,Cortney,Cortney,Non-FTC,Romance,6.0 PPV,6.1 P3 Passed - Action Awaited,,0-3d,approved,active,Live contracted,ongoing,open_for_withdrawal,20-06-2026,07-07-2026,On,04-05-2026,04-05-2026,27-09-2026,489083,89455,57.115833,7,25,moderation_passed,10,05-05-2026,Pass,88,26,USA,action_needed_p3_passed,,05-05-2026,15-05-2026,26-05-2026,01-07-2026,01-08-2026,01-09-2026,05-05-2026,07-05-2026,15-05-2026,25-05-2026,27-06-2026,24-07-2026,16-08-2026,17-05-2026,30-05-2026,13,US,passed,passed,passed,73,55,0.527273,0.4,30,Yes,Yes,30-05-2026,31-05-2026,1,US,passed,passed,passed,73,73,0.534247,0.4,70,Yes,Yes,31-05-2026,29-06-2026,29,US,passed,passed,passed,138,117,0.290598,0.26,100,Yes,Yes,29-06-2026,28-07-2026,29,US,progressed,,progressed,201,5,0,0.16,200,Yes,No,28-07-2026,18-09-2026,52,US,passed,passed,passed,545,453,0.134658,0.1,450,Yes,Yes,18-09-2026,28-09-2026,10,US,error,error,error,545,454,0.055066,0.059,450,Yes,Yes,9,7,Nigeria,5,PPV Action Awaited,,
6f907f1e2ab28d03dcc8246bf380f11b97d00c06,CEO Inherited Bride,589bd1f72585fb7255e8473a7dd336cff21fcd8c,CEO Inherited Bride,ec23bf131f2694c074b1049f406cb02d049e4828,WBP,Tejaswini,Pragati,No contest,Romance,5.0 P3 Testing Candidates,5.4 P3 S1 Paused,paused,31-45d,approved,active,Live contracted,ongoing,open_for_withdrawal,04-02-2026,11-02-2026,Off,04-11-2025,04-11-2025,04-04-2026,379213,0,62.896389,0,0,moderation_passed,10,04-11-2025,,,0,,testing_p3,2026-04-26T06:28:09.000Z,04-11-2025,09-11-2025,17-01-2026,12-02-2026,14-03-2026,,04-11-2025,04-11-2025,06-11-2025,30-11-2025,27-01-2026,11-02-2026,20-02-2026,,,,,progressed,,,,,,,,,,13-11-2025,26-01-2026,74,,passed,passed,passed,,,,,,,,26-01-2026,06-03-2026,39,US,error,error,error,104,102,0.45098,0.26,100,Yes,Yes,06-03-2026,26-04-2026,51,ROW,failed,failed,failed,337,204,0.04902,0.100724,200,Yes,Yes,28-08-2026,,,US,paused,paused,paused,0,0,0,,450,No,No,,,,,,,,,,,,,,,12,4,Nigeria,4,P3,Pending / Ongoing,P3 S1 Paused
c66d5521f195754d722c7e3daab2da20a027dd0c,Ceo's Heartbreaker,47ef24051300b8ea52871b137688d9bc1358682a,Ceo's Heartbreaker,90c2311d9570a3477e6ddc1dddea5540bfba59af,WBP,Tapasya,Divyansh,Non-FTC,Romance,5.0 P3 Testing Candidates,5.3 P3 S1 In Progress,in_progress,16-30d,approved,active,Live contracted,ongoing,open_for_withdrawal,19-07-2024,23-07-2024,Off,04-07-2024,04-07-2024,30-11-2024,372250,0,37.248333,0,0,moderation_failed,0,,,,0,,testing_p3,2025-04-23T06:09:59.000Z,04-07-2024,13-07-2024,09-08-2024,20-09-2024,01-11-2024,,04-07-2024,04-07-2024,12-07-2024,06-08-2024,16-09-2024,30-10-2024,,,,,,progressed,,,,,,,,,,,,,,progressed,,,,,,,,,,07-09-2026,07-09-2026,0,US,progressed,,progressed,0,0,0,,100,No,No,,,,,progressed,,,,,,,,,,07-09-2026,28-09-2026,21,US,in_progress,in_progress,in_progress,97,0,0,0.1,450,No,No,,,,,,,,,,,,,,,4,2,Nigeria,2,P3,Pending / Ongoing,P3 S1 In Progress
ed37d82285cfdcacdd3008ef7825d877fd575b57,Charade,f1950e7e539c683c08bbf0858d2de7d1926b33ed,Charade,2034cbc5a22b544ca9e3d98f98e40705a17023db,WBP,Manmohan,Aakash,Non-FTC,Fantasy,5.0 P3 Testing Candidates,5.4 P3 S1 Paused,paused,16-30d,approved,active,Live contracted,ongoing,open_for_withdrawal,24-12-2024,28-01-2025,Off,17-07-2024,17-07-2024,08-07-2025,493896,0,53.9675,0,0,moderation_failed,0,,,,0,,testing_p3,2025-05-13T16:00:15.000Z,17-07-2024,01-08-2024,02-09-2024,26-12-2024,12-02-2025,06-05-2025,17-07-2024,17-07-2024,30-07-2024,25-08-2024,19-10-2024,30-01-2025,26-03-2025,,,,,progressed,,,,,,,,,,06-12-2024,13-12-2024,7,,passed,passed,passed,,,,,,,,07-09-2026,07-09-2026,0,US,progressed,,progressed,0,0,0,,100,No,No,,,,,progressed,,,,,,,,,,07-09-2026,,,US,paused,paused,paused,0,0,0,,450,No,No,,,,,,,,,,,,,,,3,1,ROW,1,P3,Pending / Ongoing,P3 S1 Paused
34f2f307c600eaadeadd185f5681a891034fb635,Complete Deception,3d44e817f43b18ec6df53dd3f62df0619b0ce5ce,Complete Deception,b57b4a76201802a754cc5ab05bfe437ebf1751b0,WBP,Chitra,Akash,Non-FTC,Romance,5.0 P3 Testing Candidates,5.9 P3 S2 Paused,paused,16-30d,approved,active,Live contracted,ongoing,open_for_withdrawal,01-04-2024,09-04-2024,Off,22-01-2024,24-01-2024,20-10-2025,869283,0,87.768611,0,0,moderation_failed,0,,,,18,,testing_p3,2025-05-13T16:00:04.000Z,28-01-2024,18-02-2024,04-04-2024,04-06-2024,04-08-2024,21-09-2024,28-01-2024,31-01-2024,17-02-2024,02-04-2024,30-05-2024,30-07-2024,17-09-2024,,,,,progressed,,,,,,,,,,,,,,progressed,,,,,,,,,,28-08-2026,28-08-2026,0,US,progressed,,progressed,0,0,0,,100,No,No,,,,,progressed,,,,,,,,,,28-08-2026,04-09-2026,7,US,progressed,paused,paused,42,0,0,0.1,450,No,No,04-09-2026,16-09-2026,12,US,paused,paused,paused,314,0,0,0.059,450,No,No,4,1,ROW,1,P3,Pending / Ongoing,P3 S2 Paused
84289ce4a2b527c3aa47651760eaff877da6adad,Contracted by Love,86f866bd7e3a29784cfd092cf991fb1f1d1c7a98,Contracted by Love,e2d27fe724799a890412294436a4a357888c0957,WBP,Malini,Anisha,No contest,Romance,5.0 P3 Testing Candidates,5.3 P3 S1 In Progress,in_progress,31-45d,approved,active,Live contracted,ongoing,open_for_withdrawal,29-04-2026,01-07-2026,On,18-02-2026,18-02-2026,27-09-2026,616940,96480,71.674167,7,26,moderation_passed,10,18-02-2026,Pass,84.68,0,USA,testing_p3,2026-06-09T06:04:49.000Z,18-02-2026,03-03-2026,26-03-2026,08-05-2026,15-06-2026,23-07-2026,18-02-2026,19-02-2026,27-02-2026,15-03-2026,01-05-2026,18-05-2026,06-07-2026,04-03-2026,22-03-2026,18,US,passed,passed,passed,41,37,0.594595,0.4,30,Yes,Yes,22-03-2026,08-04-2026,17,US,passed,passed,passed,83,80,0.5375,0.4,70,Yes,Yes,28-08-2026,28-08-2026,0,US,progressed,progressed,progressed,0,0,0,,100,No,No,,,,,progressed,,,,,,,,,,28-08-2026,28-09-2026,31,US,in_progress,in_progress,in_progress,657,0,0,0.1,450,Yes,No,,,,,,,,,,,,,,,8,5,Nigeria,5,P3,Pending / Ongoing,P3 S1 In Progress
2a8120a20d0bebaa0f325746e4058859d5e610ee,Cultivated Love,5d3dc51226db1375a066aa4bfd631a1fea537f46,Cultivated Love,c2f7107f2ce700f0442e5a8b2b180ba939812b1b,WBP,Tushar,Aakash,No contest,Romance,5.0 P3 Testing Candidates,5.3 P3 S1 In Progress,in_progress,16-30d,approved,active,Live contracted,ongoing,open_for_withdrawal,31-12-2024,06-01-2025,Off,31-10-2024,31-10-2024,16-09-2026,655942,31907,74.7425,0,4,moderation_passed,10,06-11-2024,,,15,,testing_p3,2025-06-30T07:18:50.000Z,01-11-2024,10-11-2024,24-11-2024,07-01-2025,06-02-2025,28-04-2025,01-11-2024,01-11-2024,09-11-2024,17-11-2024,24-12-2024,22-01-2025,21-02-2025,,,,,progressed,,,,,,,,,,06-12-2024,29-01-2025,54,,passed,passed,passed,,,,,,,,07-09-2026,07-09-2026,0,US,progressed,,progressed,0,0,0,,100,No,No,,,,,progressed,,,,,,,,,,07-09-2026,28-09-2026,21,US,in_progress,in_progress,in_progress,78,0,0,0.1,450,No,No,,,,,,,,,,,,,,,16,8,Nigeria,8,P3,Pending / Ongoing,P3 S1 In Progress
9c5a320e8591b0aad996347bc17f53479097ac00,Dad's a Billionaire,80906dde748d9c6b64f11ac54d50d3192bd62ee4,Dad's a Billionaire,05b07835141a9a82fafcdbf0ac582341fda98af1,WBP - Filtered,Aakash,Aakash Bhojwani,No contest,Romance,5.0 P3 Testing Candidates,5.3 P3 S1 In Progress,in_progress,4-15d,approved,active,Live contracted,ongoing,open_for_withdrawal,26-08-2026,06-09-2026,On,18-09-2025,18-09-2025,25-09-2026,356847,115298,35.016389,5,28,moderation_passed,10,19-09-2025,,,10,,testing_p3,2025-12-22T06:26:49.000Z,19-09-2025,21-09-2025,08-10-2025,13-11-2025,13-09-2026,,19-09-2025,19-09-2025,21-09-2025,08-10-2025,18-11-2025,16-09-2026,,,,,,progressed,,,,,,,,,,03-11-2025,22-12-2025,49,,failed,failed,failed,,,,,,,,28-08-2026,17-09-2026,20,US,progressed,,progressed,26,0,0,0.26,100,No,No,,,,,progressed,,,,,,,,,,17-09-2026,28-09-2026,11,US,in_progress,in_progress,in_progress,94,0,0,0.1,450,No,No,,,,,,,,,,,,,,,2,1,Nigeria,1,P3,Pending / Ongoing,P3 S1 In Progress
2fb79ac2c90574002aaeec2f842f6693eb8ff7c2,Dear Boss,735d8d538b6c4fc5457c596dc2b5234c,Dear Boss,5dc1890b297efd4ed6afa9c2506a00590b9b7f58,WBP - Filtered,Apoorva,Cortney,Non-FTC,Romance,5.0 P3 Testing Candidates,5.3 P3 S1 In Progress,in_progress,31-45d,approved,active,Live contracted,ongoing,open_for_withdrawal,31-08-2026,02-09-2026,On,11-07-2026,11-07-2026,27-09-2026,668045,271474,83.118333,7,29,moderation_passed,10,12-07-2026,Pass,83,6,USA,testing_p3,,12-07-2026,17-07-2026,29-07-2026,09-08-2026,19-08-2026,31-08-2026,11-07-2026,13-07-2026,16-07-2026,28-07-2026,06-08-2026,13-08-2026,22-08-2026,23-07-2026,06-08-2026,14,US,passed,passed,passed,45,42,0.404762,0.4,30,Yes,Yes,06-08-2026,18-08-2026,12,US,progressed,,progressed,85,46,0.413043,0.4,70,Yes,No,18-08-2026,28-08-2026,10,US,progressed,,progressed,138,0,0,0.26,100,Yes,No,,,,,progressed,,,,,,,,,,28-08-2026,28-09-2026,31,US,in_progress,in_progress,in_progress,464,0,0,0.1,450,Yes,No,,,,,,,,,,,,,,,11,5,India,5,P3,Pending / Ongoing,P3 S1 In Progress
0b07b41ff930aa13e98588f626eef70da51bb47e,Debtbound Between Worlds,a4b1b4a4a597a2ccc29cb6c19c6ed4d136ccbace,Debtbound Between Worlds,005c6c7f5f5de3fc7e3c7b7354aeab35e7d72a47,FTC 1.0,Manaswini,Harley,No contest,Fantasy,5.0 P3 Testing Candidates,5.8 P3 S2 In Progress,in_progress,4-15d,approved,active,Live contracted,ongoing,open_for_withdrawal,22-04-2026,12-05-2026,On,13-03-2026,13-03-2026,27-09-2026,488374,71328,53.917222,4,21,moderation_passed,10,17-03-2026,Fail,66,29,FAIL,testing_p3,2026-05-29T06:13:40.000Z,13-03-2026,12-04-2026,08-05-2026,13-06-2026,18-07-2026,24-08-2026,13-03-2026,01-04-2026,11-04-2026,05-05-2026,04-06-2026,05-07-2026,04-08-2026,01-06-2026,01-06-2026,0,US,progressed,progressed,progressed,0,0,0,,30,No,No,,,,,progressed,,,,,,,,,,01-06-2026,09-07-2026,38,US,progressed,,progressed,104,19,0.315789,0.26,100,Yes,No,,,,,progressed,,,,,,,,,,09-07-2026,22-09-2026,75,US,passed,passed,passed,462,453,0.130243,0.1,450,Yes,Yes,22-09-2026,28-09-2026,6,US,in_progress,in_progress,in_progress,462,388,0.069588,0.059,450,Yes,No,51,34,ROW,30,P3,Pending / Ongoing,P3 S2 In Progress
b0cb1a15751b32389e6dc5643df14e64f65a78e6,Desire of the Billionaire,d12f1790fa7f78212ecd8222c9afd036be21b159,Desire of the Billionaire,3c1e1b7da385549221087778205d3242a57e6657,WBP,Tejaswini,Pragati,Non-FTC,Romance,5.0 P3 Testing Candidates,5.4 P3 S1 Paused,paused,31-45d,approved,active,Live contracted,ongoing,open_for_withdrawal,20-02-2026,26-02-2026,Off,23-12-2025,23-12-2025,31-03-2026,285085,0,37.310833,0,0,moderation_passed,10,25-12-2025,,,30,,testing_p3,2026-03-30T06:58:34.000Z,23-12-2025,07-01-2026,31-01-2026,13-03-2026,,,23-12-2025,23-12-2025,31-12-2025,19-01-2026,23-02-2026,18-03-2026,,30-12-2025,19-01-2026,20,,passed,passed,passed,71,62,0.564516,0.4,30,Yes,Yes,,,,,progressed,,,,,,,,,,28-08-2026,28-08-2026,0,US,progressed,progressed,progressed,0,0,0,,100,No,No,,,,,progressed,,,,,,,,,,28-08-2026,,,US,paused,paused,paused,0,0,0,,450,No,No,,,,,,,,,,,,,,,44,8,ROW,7,P3,Pending / Ongoing,P3 S1 Paused
0d62d7798adbffba76234feba6e58e4a73a6baf8,Devil's Redemption,2ad981a464830c654da0205066446058,Devil's Redemption,3e19b124b610f06dedc5d9d7e86f221557f8bffb,FTC 3.0,Gaurav,Krithika,Non-FTC,Fantasy,5.0 P3 Testing Candidates,5.3 P3 S1 In Progress,in_progress,4-15d,approved,active,Signing pending,ongoing,signing_pending,09-09-2026,,On,23-07-2026,23-07-2026,27-09-2026,260287,58283,31.911944,7,30,moderation_passed,10,24-07-2026,Pass,86,27,USA,testing_p3,2026-08-11T06:02:25.000Z,23-07-2026,24-07-2026,26-07-2026,27-08-2026,,,23-07-2026,23-07-2026,23-07-2026,24-07-2026,10-08-2026,22-09-2026,,28-07-2026,11-08-2026,14,US,failed,failed,failed,39,35,0.342857,0.4,30,Yes,Yes,,,,,progressed,,,,,,,,,,13-08-2026,13-09-2026,31,US,passed,passed,passed,130,100,0.29,0.26,100,Yes,Yes,13-09-2026,24-09-2026,11,US,progressed,,progressed,174,0,0,0.16,200,No,No,24-09-2026,28-09-2026,4,US,in_progress,in_progress,in_progress,373,0,0,0.1,450,No,No,,,,,,,,,,,,,,,26,12,India,7,P3,Pending / Ongoing,P3 S1 In Progress
41afeacb4e481e249d618ae39936f1173864e026,Disguised Successor,c907024ecebc267ef53a51aedf14c114781c3564,Disguised Successor,a791928112311cd1c91c96e5e7b29a8fe284328f,WBP - Filtered,Asif,Krithika,Non-FTC,Drama,5.0 P3 Testing Candidates,5.3 P3 S1 In Progress,in_progress,46-90d,approved,active,Live contracted,ongoing,open_for_withdrawal,15-06-2026,18-08-2026,On,01-12-2025,01-12-2025,27-09-2026,590561,113553,65.280556,6,28,moderation_passed,10,01-12-2025,,,27,,testing_p3,,01-12-2025,16-12-2025,29-01-2026,20-06-2026,12-07-2026,08-08-2026,30-11-2025,30-11-2025,16-12-2025,28-01-2026,20-06-2026,05-07-2026,28-07-2026,06-01-2026,31-01-2026,25,US,passed,passed,passed,32,32,0.53125,0.4,30,Yes,Yes,31-01-2026,18-02-2026,18,US,passed,passed,passed,73,70,0.528571,0.4,70,Yes,Yes,25-05-2026,02-07-2026,38,US,passed,passed,passed,108,100,0.41,0.26,100,Yes,Yes,02-07-2026,28-07-2026,26,US,progressed,,progressed,206,58,0.172414,0.16,200,Yes,No,28-07-2026,28-09-2026,62,US,in_progress,in_progress,in_progress,480,415,0.118072,0.1,450,Yes,No,,,,,,,,,,,,,,,5,2,Nigeria,2,P3,Pending / Ongoing,P3 S1 In Progress
6346e154f10078de4f17cbc6268066519b02789f,Doctor Young,1bf00d3105d928e40797aab6ecd63781674dcd46,Doctor Young,1dcc40741f8f70c4c136d37138f1302984e46383,WBP,Aakash,Aakash,No contest,Suspense or Thriller,5.0 P3 Testing Candidates,5.3 P3 S1 In Progress,in_progress,31-45d,approved,active,Live contracted,ongoing,open_for_withdrawal,16-09-2024,17-09-2024,Off,30-08-2024,30-08-2024,23-11-2024,462218,0,44.900278,0,0,moderation_failed,0,,,,0,,testing_p3,2025-04-23T06:06:10.000Z,30-08-2024,04-09-2024,07-09-2024,11-09-2024,13-09-2024,08-10-2024,30-08-2024,01-09-2024,04-09-2024,07-09-2024,11-09-2024,13-09-2024,17-10-2024,,,,,progressed,,,,,,,,,,,,,,progressed,,,,,,,,,,28-08-2026,28-08-2026,0,US,progressed,,progressed,0,0,0,,100,No,No,,,,,progressed,,,,,,,,,,28-08-2026,28-09-2026,31,US,in_progress,in_progress,in_progress,65,0,0,0.1,450,No,No,,,,,,,,,,,,,,,6,1,Nigeria,1,P3,Pending / Ongoing,P3 S1 In Progress
a877c7bd8a3facfb24f79b876674d1437dd52fb5,Dragon System Awakening,691a0cd410c20baac70f80ca6049fc113597c814,Dragon System Awakening,640c113dc18cac31920114b80bb696870feaaf4a,WBP,Chitra,Akash,Non-FTC,System and Superpower,6.0 PPV,6.2 PPV,,90+d,approved,active,Live contracted,ongoing,open_for_withdrawal,06-03-2025,11-03-2025,On,10-12-2024,04-01-2025,26-09-2026,1466488,69254,171.242778,5,23,moderation_passed,10,16-08-2026,Pass,79,19,ROW,ppv,,04-01-2025,15-02-2025,10-03-2025,22-04-2025,30-05-2025,16-07-2025,04-01-2025,28-01-2025,11-02-2025,03-03-2025,07-04-2025,11-05-2025,14-06-2025,,,,,progressed,,,,,,,,,,21-01-2025,01-03-2025,39,,passed,passed,passed,,,,,,,,01-06-2026,01-06-2026,0,US,progressed,,progressed,0,0,0,,100,No,No,,,,,progressed,,,,,,,,,,01-06-2026,15-06-2026,14,US,progressed,,progressed,462,0,0,0.1,450,Yes,No,,,,,progressed,,,,,,,,,,18,13,Nigeria,13,PPV,Currently PPV,
596d213162507bbf543b3c2a618f8bb54acd4623,Echoes of Regrets,566a9294b98b6f892870cb5bace2f4773fffd522,Echoes Of Regrets,5f2159c2f3e22585c1f08e601de7cb6f34e71eca,WBP,Manmohan,Aakash,No contest,Romance,5.0 P3 Testing Candidates,5.3 P3 S1 In Progress,in_progress,16-30d,approved,active,Live contracted,ongoing,open_for_withdrawal,04-07-2024,08-07-2024,Off,07-03-2024,08-03-2024,27-09-2026,877154,361349,107.076667,4,15,moderation_passed,10,10-03-2026,,,17,,testing_p3,2026-04-25T06:23:46.000Z,31-03-2024,02-05-2024,11-07-2024,14-08-2024,03-11-2025,11-04-2026,30-03-2024,31-03-2024,22-04-2024,03-07-2024,02-08-2024,09-10-2025,30-03-2026,,,,,progressed,,,,,,,,,,03-11-2025,23-03-2026,140,,progressed,paused,paused,,,,,,,,07-09-2026,07-09-2026,0,US,progressed,progressed,progressed,0,0,0,,100,No,No,,,,,progressed,,,,,,,,,,07-09-2026,28-09-2026,21,US,in_progress,in_progress,in_progress,176,0,0,0.1,450,No,No,,,,,,,,,,,,,,,18,1,Philippines,1,P3,Pending / Ongoing,P3 S1 In Progress
7d18c26c9a61af0d543d74280e7328e01a907988,Empire of Love and War,e25d04565f34231ddd6b1766a1f13c58,Empire of Love and War,57d50426aea6c5a18ce115101846b2a99eb874f7,FTC 1.0,Tejaswini,Pragati,FTC,Romance,5.0 P3 Testing Candidates,5.3 P3 S1 In Progress,in_progress,16-30d,approved,active,Live contracted,ongoing,open_for_withdrawal,22-04-2026,07-05-2026,On,08-04-2026,08-04-2026,23-09-2026,489904,98662,57.803333,3,22,moderation_passed,10,08-04-2026,Pass,82,21,USA,testing_p3,,08-04-2026,20-04-2026,02-05-2026,13-06-2026,25-07-2026,31-08-2026,08-04-2026,09-04-2026,20-04-2026,25-04-2026,01-06-2026,05-07-2026,12-08-2026,22-04-2026,13-05-2026,21,US,progressed,,progressed,36,12,0.416667,0.4,30,Yes,No,,,,,progressed,,,,,,,,,,13-05-2026,19-06-2026,37,US,passed,passed,passed,104,100,0.39,0.26,100,Yes,Yes,19-06-2026,29-08-2026,71,US,error,error,error,204,201,0.109453,0.16,200,Yes,Yes,04-09-2026,28-09-2026,24,US,in_progress,in_progress,in_progress,263,0,0,0.1,450,No,No,,,,,,,,,,,,,,,25,19,Nigeria,17,P3,Pending / Ongoing,P3 S1 In Progress
7fd747e6520471a8653824ad1a2ba2ad33b91835,Evolution Online,87467094f9191843c4b6f1c5be7af9b5863548ff,Evolution Online,6723303d19c02f020cc8ca79d88cdff665d336be,FTC 3.0,Aakash,Ahi,Non-FTC,Fantasy,5.0 P3 Testing Candidates,5.4 P3 S1 Paused,paused,31-45d,approved,active,Signing pending,ongoing,signing_pending,10-08-2026,,On,23-08-2025,27-10-2025,09-05-2026,277291,0,30.61,0,0,moderation_passed,10,09-04-2026,Pass,80,0,USA,testing_p3,,09-04-2026,09-04-2026,10-04-2026,04-05-2026,,,09-04-2026,09-04-2026,09-04-2026,10-04-2026,28-04-2026,09-05-2026,,10-04-2026,29-04-2026,19,US,passed,passed,passed,42,33,0.515152,0.4,30,Yes,Yes,29-04-2026,19-05-2026,20,US,passed,passed,passed,71,71,0.492958,0.4,70,Yes,Yes,19-05-2026,26-06-2026,38,US,passed,passed,passed,103,102,0.323529,0.26,100,Yes,Yes,26-06-2026,27-06-2026,1,US,progressed,,progressed,106,0,0,0.16,200,No,No,28-08-2026,,,US,paused,paused,paused,0,0,0,,450,No,No,,,,,,,,,,,,,,,1,1,UK,1,P3,Pending / Ongoing,P3 S1 Paused
a978831eb87b7d63024465fa4df9a779feeaaf5a,Extreme Medical Sage,bd7b3cf7890012784e3f5f1f97b1a044ed1dfe33,Extreme Medical Sage,d97695d9b4ce1c63591aec739638e52c9828708f,WBP,Priyanshi,Anisha,No contest,Fantasy,5.0 P3 Testing Candidates,5.3 P3 S1 In Progress,in_progress,31-45d,approved,active,Completed,completion,open_for_withdrawal,27-12-2024,03-01-2025,Off,21-11-2024,21-11-2024,03-04-2026,4326802,0,436.466389,0,0,moderation_passed,10,09-01-2026,,,0,,testing_p3,2025-06-30T07:28:32.000Z,21-11-2024,27-11-2024,28-11-2024,04-12-2024,09-01-2026,12-01-2026,21-11-2024,26-11-2024,27-11-2024,28-11-2024,24-01-2025,09-01-2026,12-01-2026,,,,,progressed,,,,,,,,,,06-12-2024,30-01-2025,55,,passed,passed,passed,,,,,,,,28-08-2026,28-08-2026,0,US,progressed,,progressed,0,0,0,,100,No,No,,,,,progressed,,,,,,,,,,28-08-2026,28-09-2026,31,US,in_progress,in_progress,in_progress,249,0,0,0.1,450,No,No,,,,,,,,,,,,,,,26,22,Nigeria,21,P3,Pending / Ongoing,P3 S1 In Progress
e79ceb682265a42fb44c988f861c20672776f19d,Faction of Unity: Wyrmara,4952f0303ae40d115f9cc7a4ea9cd7c49c07b0e6,Faction of Unity: Wyrmara,dba54e348e1842c8b3478adf78f087dd89d30ad1,WBP,Chandradeep,Anisha,Non-FTC,Fantasy,5.0 P3 Testing Candidates,5.4 P3 S1 Paused,paused,46-90d,approved,active,Live contracted,ongoing,open_for_withdrawal,15-06-2025,17-06-2025,Off,30-01-2025,03-02-2025,13-11-2025,385985,0,40.023611,0,0,moderation_passed,10,,,,0,,testing_p3,,04-02-2025,10-02-2025,02-03-2025,21-06-2025,06-09-2025,,04-02-2025,06-02-2025,08-02-2025,27-02-2025,13-06-2025,28-08-2025,12-11-2025,,,,,progressed,,,,,,,,,,07-03-2025,31-05-2025,85,,passed,passed,passed,,,,,,,,11-12-2025,28-07-2026,229,ROW,progressed,,progressed,0,0,0,,100,No,No,,,,,progressed,,,,,,,,,,28-07-2026,,,US,paused,paused,paused,0,0,0,,450,No,No,,,,,,,,,,,,,,,11,3,ROW,3,P3,Pending / Ongoing,P3 S1 Paused
ba0633322d2e3b1f5dc385fdef11110ad663eca3,Fated Billionaire Love,9242dd006729eb4ac351fa188dafc02f,Fated Billionaire Love,d9716c74d7b32d747bf1582ce6f0b9272f5d34bf,WBP - Filtered,Angel,Krithika,Non-FTC,Romance,5.0 P3 Testing Candidates,5.10 P3 S2 Failed,failed,4-15d,approved,active,Live contracted,ongoing,open_for_withdrawal,09-09-2026,21-09-2026,On,18-03-2026,18-03-2026,27-09-2026,493154,116720,55.061389,7,19,moderation_passed,10,19-03-2026,Pass,72,10,ROW,action_needed_p3_failed,,20-03-2026,05-05-2026,23-05-2026,23-06-2026,08-08-2026,12-09-2026,19-03-2026,26-03-2026,30-04-2026,20-05-2026,18-06-2026,20-07-2026,22-08-2026,17-04-2026,01-05-2026,14,ROW,passed,passed,passed,65,40,0.4,0.265319,30,Yes,Yes,01-05-2026,10-05-2026,9,ROW,passed,passed,passed,367,75,0.413333,0.265319,70,Yes,Yes,17-05-2026,10-06-2026,24,ROW,passed,passed,passed,668,134,0.231343,0.192533,100,Yes,Yes,10-06-2026,28-07-2026,48,ROW,progressed,,progressed,309,4,0,0.010416,200,Yes,No,28-07-2026,16-09-2026,50,US,failed,failed,failed,562,451,0.099778,0.1,450,Yes,Yes,16-09-2026,24-09-2026,8,US,failed,failed,failed,562,451,0.031042,0.059,450,Yes,Yes,5,1,Nigeria,1,P3,Failed / Exited,Explicit Testing Failure
e0cc4d535444616635b899b0d8d7d34e8dde5fa7,Fated Bond,ff55a03eac5a094719be6802e6d11b84b468f7fe,Fated Bond,28331d9bb94e4805f26db731b2aa62aa756b716a,WBP,Camille,Camille,No contest,Romantasy,6.0 PPV,6.2 PPV,,90+d,approved,active,Live contracted,ongoing,open_for_withdrawal,05-04-2025,09-04-2025,On,18-05-2024,01-01-2025,12-07-2026,980226,0,128.075556,0,0,moderation_passed,10,16-08-2026,Fail,41,0,FAIL,ppv,,01-01-2025,20-01-2025,18-02-2025,02-05-2025,24-06-2025,08-08-2025,01-01-2025,03-01-2025,18-01-2025,12-02-2025,17-04-2025,31-05-2025,10-07-2025,,,,,progressed,,,,,,,,,,15-01-2025,24-04-2025,99,,passed,passed,passed,,,,,,,,,,,,progressed,,,,,,,,,,24-06-2025,03-07-2025,9,,progressed,paused,paused,,,,,,,,,,,,progressed,,,,,,,,,,03-07-2025,18-08-2025,46,,passed,passed,passed,,,,,,,,2,2,UK,2,PPV,Currently PPV,
6c13ac0e01a86e60a2d75bbcee5bb8f9be472700,Fated to You,a5fd1e7e97440f362dda5a28cd5cd34bc241ed25,Fated to You,37e31a71df988d7dcf0a870bd59dcfbc245089ac,WBP,Gaurav,Krithika,No contest,Romance,5.0 P3 Testing Candidates,5.3 P3 S1 In Progress,in_progress,31-45d,approved,active,Completed,completion,open_for_withdrawal,08-01-2024,18-01-2024,Off,01-01-2024,01-01-2024,23-01-2026,1552051,0,162.065,0,0,moderation_failed,0,,,,25,,testing_p3,2025-05-13T16:00:09.000Z,01-01-2024,15-02-2024,11-03-2024,30-04-2024,17-06-2024,05-08-2024,01-01-2024,21-01-2024,16-02-2024,14-03-2024,08-05-2024,25-06-2024,14-08-2024,,,,,progressed,,,,,,,,,,,,,,progressed,,,,,,,,,,28-08-2026,28-08-2026,0,US,progressed,,progressed,0,0,0,,100,No,No,,,,,progressed,,,,,,,,,,28-08-2026,28-09-2026,31,US,in_progress,in_progress,in_progress,6,0,0,0.1,450,No,No,,,,,,,,,,,,,,,93,7,USA,7,P3,Pending / Ongoing,P3 S1 In Progress
0c7fa1a2b4bca0746ad0384d77796b98dd7d801c,Flash Marriage to My Ex’s Boss,d6eb89868effe63697f24548be24f8ae1e413cc0,Flash Marriage to My Ex’s Boss,69d65bcb3e038c7acef3df0121455de1d63d2d38,WBP,Ankita,Cortney,Non-FTC,Romance,5.0 P3 Testing Candidates,5.4 P3 S1 Paused,paused,31-45d,approved,active,Live contracted,ongoing,open_for_withdrawal,17-01-2024,19-01-2024,Off,05-01-2024,05-01-2024,28-06-2025,466968,0,47.837778,0,0,moderation_passed,10,,,,0,,testing_p3,2025-11-03T10:45:59.000Z,05-01-2024,17-01-2024,30-01-2024,18-03-2024,06-05-2024,26-04-2025,05-01-2024,05-01-2024,11-01-2024,23-01-2024,05-03-2024,03-05-2024,20-06-2024,,,,,progressed,,,,,,,,,,,,,,progressed,,,,,,,,,,28-08-2026,28-08-2026,0,US,progressed,,progressed,0,0,0,,100,No,No,,,,,progressed,,,,,,,,,,28-08-2026,,,US,paused,paused,paused,0,0,0,,450,No,No,,,,,,,,,,,,,,,21,1,USA,1,P3,Pending / Ongoing,P3 S1 Paused
abe99e0d615e9d7ebbf5d941810842cf64a74c6c,"Forgetting You, Lily",cf8d8f7d28d222afd00df811c50cb6dec9f8d18f,"Forgetting You, Lily",25b9296e8f1eff239b974543517b62d98a98543e,WBP - Filtered,Teena,Ahi,No contest,Romance,5.0 P3 Testing Candidates,5.3 P3 S1 In Progress,in_progress,16-30d,approved,active,Live contracted,ongoing,open_for_withdrawal,09-07-2026,21-09-2026,On,21-02-2026,21-02-2026,27-09-2026,381997,54604,44.360278,7,26,moderation_passed,10,12-03-2026,Pass,77,12,USA,testing_p3,2026-07-16T06:10:56.000Z,23-02-2026,24-03-2026,30-04-2026,15-06-2026,09-08-2026,,23-02-2026,26-02-2026,20-03-2026,24-04-2026,29-05-2026,24-07-2026,10-09-2026,17-04-2026,11-05-2026,24,US,passed,passed,passed,39,39,0.538462,0.4,30,Yes,Yes,11-05-2026,24-05-2026,13,US,passed,passed,passed,94,71,0.577465,0.4,70,Yes,Yes,27-07-2026,01-09-2026,36,US,progressed,progressed,progressed,45,22,0.181818,0.26,100,No,No,,,,,progressed,,,,,,,,,,01-09-2026,28-09-2026,27,US,in_progress,in_progress,in_progress,60,0,0,0.1,450,No,No,,,,,,,,,,,,,,,2,1,India,1,P3,Pending / Ongoing,P3 S1 In Progress
0fadc6da7c4d814463023dc7ffd8be44c68fa457,From Ceo to Young Lord,1733ed2e10d33f502c2d935039ea9092845d84fa,From Ceo to Young Lord,005c6c7f5f5de3fc7e3c7b7354aeab35e7d72a47,WBP - Filtered,Divyansh,Nimit,Non-FTC,Fantasy,6.0 PPV,6.1 P3 Passed - Action Awaited,,31-45d,approved,active,Live contracted,ongoing,open_for_withdrawal,23-06-2026,01-07-2026,On,20-02-2026,20-02-2026,27-09-2026,635483,78569,71.0725,7,24,moderation_passed,10,20-02-2026,Pass,87.356,29,USA,testing_p3,,20-02-2026,21-02-2026,21-03-2026,25-04-2026,22-05-2026,30-06-2026,20-02-2026,20-02-2026,21-02-2026,10-03-2026,20-04-2026,13-05-2026,10-06-2026,24-02-2026,17-04-2026,52,ROW,passed,passed,passed,110,32,0.4375,0.265319,30,Yes,Yes,,,,,progressed,,,,,,,,,,24-08-2026,24-08-2026,0,US,progressed,progressed,progressed,0,0,0,,100,No,No,12-05-2026,07-06-2026,26,ROW,passed,passed,passed,461,243,0.226337,0.100724,200,Yes,Yes,24-08-2026,,35,US,in_progress,in_progress,in_progress,339,0,0,0.1,450,No,No,24-07-2026,24-08-2026,31,US,passed,passed,passed,564,475,0.107368,0.059,450,Yes,Yes,51,33,ROW,29,P3,Progressed from P3,Recorded Pass
cec33b3e9f3607e7d8ae32858f0e715a91e937c4,From Squalor to Moneybag,85a704ff8fbb2a83c8ea86909a92495e552fe888,From Squalor to Moneybag,243a7c89f0692180c226e58b34f2d5b494839524,WBP,Tushar,Aakash,Non-FTC,Drama,5.0 P3 Testing Candidates,5.3 P3 S1 In Progress,in_progress,16-30d,approved,active,Completed,completion,open_for_withdrawal,06-07-2024,15-07-2024,Off,17-05-2024,18-05-2024,25-02-2025,524194,0,46.502222,0,0,moderation_passed,10,,,,6,,testing_p3,2026-08-21T06:12:31.000Z,18-05-2024,04-06-2024,02-07-2024,18-08-2024,18-10-2024,26-11-2024,18-05-2024,20-05-2024,06-06-2024,08-07-2024,27-08-2024,30-10-2024,18-12-2024,,,,,progressed,,,,,,,,,,,,,,progressed,,,,,,,,,,11-09-2026,11-09-2026,0,US,progressed,progressed,progressed,0,0,0,,100,No,No,,,,,progressed,,,,,,,,,,11-09-2026,28-09-2026,17,US,in_progress,in_progress,in_progress,342,0,0,0.1,450,No,No,,,,,,,,,,,,,,,11,3,Nigeria,3,P3,Pending / Ongoing,P3 S1 In Progress
de862851ca66c0ec5a982ecfe58d14472093a185,From Trash to a Legend,ee342a243498b10fe841a48a643b24b1,From Trash to a Legend,24ab7a73d981c0a3bb1482a8e3fef9a518100933,WBP - Filtered,Manmohan,Aakash,Non-FTC,System and Superpower,5.0 P3 Testing Candidates,5.3 P3 S1 In Progress,in_progress,31-45d,approved,active,Live contracted,ongoing,open_for_withdrawal,15-08-2026,20-08-2026,On,09-07-2026,09-07-2026,27-09-2026,478433,151224,54.370833,7,30,moderation_passed,10,09-07-2026,Pass,82,9,USA,testing_p3,,09-07-2026,17-07-2026,26-07-2026,06-08-2026,25-08-2026,11-09-2026,09-07-2026,10-07-2026,16-07-2026,24-07-2026,05-08-2026,21-08-2026,04-09-2026,23-07-2026,28-07-2026,5,US,progressed,,progressed,34,0,0,0.4,30,Yes,No,,,,,progressed,,,,,,,,,,28-07-2026,28-08-2026,31,US,progressed,,progressed,119,53,0.566038,0.26,100,Yes,No,,,,,progressed,,,,,,,,,,28-08-2026,28-09-2026,31,US,in_progress,in_progress,in_progress,454,0,0,0.1,450,Yes,No,,,,,,,,,,,,,,,16,16,Germany,13,P3,Pending / Ongoing,P3 S1 In Progress
344fcbb2ea419c5e240def842cb2949db59acee4,Gate of Immortality,625af37d17594d64f30738b24b38154c,Gate of Immortality,d6213d1ab0728cb2533ce4e9dcc5fe210874eccc,WBP - Filtered,Manmohan,Aakash,No contest,Drama,5.0 P3 Testing Candidates,5.3 P3 S1 In Progress,in_progress,31-45d,approved,active,Live contracted,ongoing,open_for_withdrawal,09-07-2026,16-07-2026,On,12-06-2026,12-06-2026,03-09-2026,864726,271053,99.191667,0,6,moderation_passed,10,12-06-2026,Pass,71,30,ROW,testing_p3,,12-06-2026,14-06-2026,14-06-2026,15-06-2026,25-07-2026,01-08-2026,12-06-2026,14-06-2026,14-06-2026,14-06-2026,15-06-2026,24-07-2026,29-07-2026,16-06-2026,29-06-2026,13,ROW,passed,passed,passed,107,68,0.426471,0.170894,30,Yes,Yes,29-06-2026,18-07-2026,19,ROW,passed,passed,passed,133,71,0.450704,0.170894,70,Yes,Yes,18-07-2026,28-08-2026,41,US,progressed,,progressed,73,52,0.230769,0.26,100,No,No,,,,,progressed,,,,,,,,,,28-08-2026,28-09-2026,31,US,in_progress,in_progress,in_progress,362,0,0,0.1,450,No,No,,,,,,,,,,,,,,,148,74,Nigeria,73,P3,Pending / Ongoing,P3 S1 In Progress
646112abf2d6a5c232155a853f029ad1737b504e,Gatebreak,5d58e2257cfa0e78ded9d1f24c211aa9,Gatebreak,c8808a13664588aea0c96b39a50d9b5ee02b6d7a,WBP - Filtered,Asif,Krithika,No contest,Fantasy,6.0 PPV,6.1 P3 Passed - Action Awaited,,0-3d,approved,active,Live contracted,ongoing,open_for_withdrawal,09-07-2026,17-09-2026,On,19-05-2026,30-05-2026,27-09-2026,889113,162755,125.970556,7,30,moderation_passed,10,30-05-2026,Pass,77,0,ROW,action_needed_p3_passed,,30-05-2026,30-05-2026,30-05-2026,06-06-2026,19-06-2026,02-07-2026,30-05-2026,30-05-2026,30-05-2026,30-05-2026,31-05-2026,06-06-2026,14-06-2026,01-06-2026,14-06-2026,13,ROW,passed,passed,passed,60,35,0.342857,0.265319,30,Yes,Yes,14-06-2026,28-06-2026,14,ROW,passed,passed,passed,77,73,0.424658,0.170894,70,Yes,Yes,28-06-2026,09-07-2026,11,US,progressed,,progressed,0,0,0,,100,No,No,,,,,progressed,,,,,,,,,,09-07-2026,16-09-2026,69,US,passed,passed,passed,558,467,0.220557,0.1,450,Yes,Yes,16-09-2026,28-09-2026,12,US,passed,passed,passed,558,506,0.152174,0.059,450,Yes,Yes,1,1,Australia,1,PPV Action Awaited,,
ac20da1af1ee60dd2020e8ff294c8c9dcf5be7ba,General Drake,ee8e38cfa1febfe8af9db9b77cb4a3e109740956,General Drake,3cec535d8eeb72a8a81edb299126ef8f16c14902,WBP,Malini,Sahil,Non-FTC,Suspense or Thriller,5.0 P3 Testing Candidates,5.4 P3 S1 Paused,paused,31-45d,approved,active,Live contracted,ongoing,open_for_withdrawal,09-06-2025,13-06-2025,Off,20-02-2025,20-02-2025,09-12-2025,314519,0,30.518333,0,0,moderation_passed,10,03-12-2025,,,3,,testing_p3,,20-02-2025,20-03-2025,19-06-2025,09-08-2025,18-11-2025,,20-02-2025,27-02-2025,21-03-2025,21-06-2025,13-08-2025,22-11-2025,,,,,,progressed,,,,,,,,,,24-02-2025,01-07-2025,127,,passed,passed,passed,,,,,,,,,,,,progressed,,,,,,,,,,03-11-2025,28-08-2026,298,US,progressed,paused,paused,,,,,,,,28-08-2026,,,US,paused,paused,paused,0,0,0,,450,No,No,,,,,,,,,,,,,,,12,5,Nigeria,5,P3,Pending / Ongoing,P3 S1 Paused
b035f182bb6d36439bba21081e89b0cb80ad7d57,Glory After Loss,82752da291792f606ddde272899f1c7eae297b05,Glory After Loss,24ab7a73d981c0a3bb1482a8e3fef9a518100933,WBP,Tejaswini,Pragati,Non-FTC,System and Superpower,5.0 P3 Testing Candidates,5.4 P3 S1 Paused,paused,31-45d,approved,active,Live contracted,ongoing,open_for_withdrawal,23-05-2025,04-07-2025,On,28-03-2025,28-03-2025,16-09-2025,317946,0,31.850833,0,0,moderation_passed,10,09-02-2026,,,30,,testing_p3,,08-04-2025,15-04-2025,14-05-2025,26-06-2025,17-08-2025,,08-04-2025,10-04-2025,15-04-2025,17-05-2025,25-06-2025,16-08-2025,,,,,,progressed,,,,,,,,,,14-04-2025,06-07-2025,83,,passed,passed,passed,,,,,,,,11-12-2025,28-08-2026,260,US,progressed,,progressed,0,0,0,,100,No,No,,,,,progressed,,,,,,,,,,28-08-2026,,,US,paused,paused,paused,0,0,0,,450,No,No,,,,,,,,,,,,,,,16,1,Germany,1,P3,Pending / Ongoing,P3 S1 Paused
6f82cdfa2792a89aec9172918610c124246ad8bd,Hector's Rise to Power,7a01d30af27f9bb719058ddddca3f1de4757076c,Hector's Rise to Power,a9f38e11244dbdeba26b8a129a5df8faca50bbe1,WBP,Chitra,Akash,No contest,Drama,5.0 P3 Testing Candidates,5.4 P3 S1 Paused,paused,31-45d,approved,active,Live contracted,ongoing,open_for_withdrawal,31-03-2026,13-04-2026,Off,13-01-2026,13-01-2026,25-04-2026,298211,0,35.975,0,0,moderation_passed,10,13-01-2026,Pass,75.79,27,USA,testing_p3,2026-04-28T09:02:39.000Z,13-01-2026,27-02-2026,03-03-2026,15-04-2026,,,13-01-2026,23-01-2026,09-02-2026,02-03-2026,08-04-2026,21-04-2026,,02-03-2026,18-03-2026,16,US,passed,passed,passed,60,40,0.675,0.4,30,Yes,Yes,18-03-2026,31-03-2026,13,US,passed,passed,passed,113,88,0.590909,0.4,70,Yes,Yes,28-08-2026,28-08-2026,0,US,progressed,progressed,progressed,0,0,0,,100,No,No,,,,,progressed,,,,,,,,,,28-08-2026,,,US,paused,paused,paused,0,0,0,,450,No,No,,,,,,,,,,,,,,,34,17,Nigeria,16,P3,Pending / Ongoing,P3 S1 Paused
8bcd1b852cfa9d73ac3583317066946ad2b0abf7,Heir to Draconic Dominion,a0b5b23f55bd0af60b96e738e6fffd09845a9117,Heir to Draconic Dominion,640c113dc18cac31920114b80bb696870feaaf4a,WBP,Ankita,Cortney,Non-FTC,Fantasy,5.0 P3 Testing Candidates,5.8 P3 S2 In Progress,in_progress,4-15d,approved,active,Live contracted,ongoing,open_for_withdrawal,12-04-2026,21-04-2026,On,24-02-2026,24-02-2026,26-09-2026,498528,53852,54.396944,4,19,moderation_passed,10,26-02-2026,Pass,86.64,23,USA,testing_p3,,26-02-2026,12-03-2026,13-04-2026,26-05-2026,03-07-2026,11-08-2026,26-02-2026,02-03-2026,10-03-2026,12-04-2026,19-05-2026,22-06-2026,01-08-2026,15-03-2026,31-03-2026,16,US,passed,passed,passed,42,36,0.472222,0.4,30,Yes,Yes,31-03-2026,13-04-2026,13,US,passed,passed,passed,111,73,0.465753,0.4,70,Yes,Yes,21-04-2026,04-06-2026,44,US,passed,passed,passed,132,108,0.351852,0.26,100,Yes,Yes,04-06-2026,09-07-2026,35,US,progressed,,progressed,246,34,0.176471,0.16,200,Yes,No,09-07-2026,19-09-2026,72,US,passed,passed,passed,505,465,0.16129,0.1,450,Yes,Yes,19-09-2026,28-09-2026,9,US,in_progress,in_progress,in_progress,505,436,0.087156,0.059,450,Yes,No,18,18,Nigeria,18,P3,Pending / Ongoing,P3 S2 In Progress
730a3d0d6b094f151aed0a3dff6794a1d2fedee3,Her Beauty Is Reborn,71bfa23068bcc00946cc1ed7d2eeed08a8ad52ec,Her Beauty Is Reborn,093befe6eb18d4376a255ee13f172a0dd1d941f4,WBP,Camille,Camille,No contest,Romance,6.0 PPV,6.2 PPV,,90+d,approved,active,Completed,completion,open_for_withdrawal,01-02-2025,12-02-2025,On,25-11-2024,25-11-2024,07-03-2026,1311994,0,129.852778,0,0,moderation_passed,10,04-06-2026,,,0,,ppv,,25-11-2024,30-12-2024,19-02-2025,29-03-2025,10-05-2025,30-05-2025,24-11-2024,21-12-2024,30-12-2024,19-02-2025,27-03-2025,05-05-2025,28-05-2025,,,,,progressed,,,,,,,,,,19-12-2024,20-02-2025,63,,passed,passed,passed,,,,,,,,,,,,progressed,,,,,,,,,,15-04-2025,07-05-2025,22,,progressed,paused,paused,,,,,,,,,,,,progressed,,,,,,,,,,07-05-2025,20-06-2025,44,,passed,passed,passed,,,,,,,,24,19,USA,10,PPV,Currently PPV,
afc4914ba536580c6c21a79231a73b9e6dc67e1a,Her Cupid Curse,9c32edbc194b4fbf6103b25cb17a059a,Her Cupid Curse,c190dc6ae4e4fb7906c56d28026ffd67ac8085b3,WBP,Arnav,Divyansh,Non-FTC,Romance,5.0 P3 Testing Candidates,5.3 P3 S1 In Progress,in_progress,16-30d,approved,active,Live contracted,ongoing,open_for_withdrawal,07-08-2026,17-08-2026,On,25-06-2026,25-06-2026,27-09-2026,326285,99019,42.144167,5,23,moderation_passed,10,25-06-2026,Pass,86,2,USA,testing_p3,,25-06-2026,26-06-2026,01-07-2026,20-08-2026,22-09-2026,,25-06-2026,25-06-2026,26-06-2026,27-06-2026,01-08-2026,30-08-2026,25-09-2026,28-06-2026,09-07-2026,11,US,progressed,,progressed,80,0,0,0.4,30,Yes,No,,,,,progressed,,,,,,,,,,09-07-2026,08-09-2026,61,US,progressed,,progressed,84,35,0.2,0.26,100,No,No,,,,,progressed,,,,,,,,,,08-09-2026,28-09-2026,20,US,in_progress,in_progress,in_progress,461,0,0,0.1,450,Yes,No,,,,,,,,,,,,,,,9,5,Nigeria,3,P3,Pending / Ongoing,P3 S1 In Progress
f06451dc56081680609a77b52825c3da76e8ae66,"Her Exit, His Regret",7626e7e5ed06b606cae7899a0f3d1ca5a6a8e1e5,"Her Exit, His Regret",6172d03221f5d945e0c224368e8ae3209767cc07,WBP,Srijita Ghosh,Pragati,Non-FTC,Romance,5.0 P3 Testing Candidates,5.3 P3 S1 In Progress,in_progress,31-45d,approved,active,Live contracted,ongoing,open_for_withdrawal,03-02-2026,26-02-2026,On,03-10-2025,17-10-2025,27-09-2026,611513,102186,73.905278,7,26,moderation_passed,10,17-10-2025,,,0,,testing_p3,2026-06-03T06:08:10.000Z,17-10-2025,21-10-2025,27-02-2026,24-03-2026,19-04-2026,03-07-2026,17-10-2025,19-10-2025,21-10-2025,24-02-2026,08-03-2026,03-04-2026,20-04-2026,,,,,progressed,,,,,,,,,,03-11-2025,31-01-2026,89,,passed,passed,passed,,,,,,,,27-02-2026,05-04-2026,37,US,error,error,error,107,103,0.262136,0.26,100,Yes,Yes,05-04-2026,03-06-2026,59,US,failed,failed,failed,225,207,0.082126,0.16,200,Yes,Yes,18-08-2026,28-09-2026,41,US,in_progress,in_progress,in_progress,508,0,0,0.1,450,Yes,No,,,,,,,,,,,,,,,2,1,Nigeria,1,P3,Pending / Ongoing,P3 S1 In Progress
e835267a1c9909e759d530cea3d17b5999d86761,Her Lightness System,97c9d9c1ad72badded599f6821ac612573261001,Her Lightness System,710942ba1509ced72956643175a69bb68755e27a,WBP,Tushar,Aakash,No contest,System and Superpower,5.0 P3 Testing Candidates,5.3 P3 S1 In Progress,in_progress,31-45d,approved,active,Completed,completion,open_for_withdrawal,07-11-2024,18-11-2024,Off,12-10-2024,12-10-2024,21-06-2025,413212,0,43.397778,0,0,moderation_failed,0,,,,9,,testing_p3,2025-04-23T06:12:52.000Z,12-10-2024,02-11-2024,19-11-2024,21-12-2024,25-01-2025,29-04-2025,12-10-2024,14-10-2024,01-11-2024,19-11-2024,19-12-2024,21-01-2025,30-03-2025,,,,,progressed,,,,,,,,,,,,,,progressed,,,,,,,,,,28-08-2026,28-08-2026,0,US,progressed,,progressed,0,0,0,,100,No,No,,,,,progressed,,,,,,,,,,28-08-2026,28-09-2026,31,US,in_progress,in_progress,in_progress,147,0,0,0.1,450,No,No,,,,,,,,,,,,,,,12,5,ROW,4,P3,Pending / Ongoing,P3 S1 In Progress
5269f35d5665dd7c25aa81eac9fa9e452b693897,Her Royal Vampire,d1a2b7b93e68f0a7e775a01b64a552e2a4ac6b4e,Her Royal Vampire,c2b158c10eff54f62cabee3ec6e69d75a1526ea5,WBP,Ashi,Harley,Non-FTC,Romantasy,6.0 PPV,6.1 P3 Passed - Action Awaited,,31-45d,approved,active,Live contracted,ongoing,open_for_withdrawal,14-02-2026,22-02-2026,On,24-11-2025,24-11-2025,27-09-2026,853130,119545,110.063611,7,30,moderation_passed,10,24-11-2025,,,8,,testing_p3,,24-11-2025,05-12-2025,31-12-2025,23-03-2026,23-04-2026,31-05-2026,24-11-2025,24-11-2025,30-11-2025,16-12-2025,05-03-2026,01-04-2026,23-04-2026,07-12-2025,19-01-2026,43,,passed,passed,passed,81,46,0.456522,0.4,30,Yes,Yes,,,,,progressed,,,,,,,,,,24-08-2026,24-08-2026,0,US,error,error,error,0,0,0,,100,No,No,02-04-2026,30-04-2026,28,US,progressed,,progressed,248,101,0.128713,0.16,200,Yes,No,24-08-2026,,35,US,in_progress,in_progress,in_progress,455,0,0,0.1,450,Yes,No,11-07-2026,24-08-2026,44,US,passed,passed,passed,522,522,0.086207,0.059,450,Yes,Yes,26,20,ROW,11,P3,Progressed from P3,Recorded Pass
bf3632f1f9e1f3a7b864a989bb8f495a629a43cb,Her Secret Twins,de248694368c38358c718e6403a46cab36e2dd10,Her Secret Twins,e21de73a448f246a410b3f8ae5623d751955227a,WBP,Manaswini,Harley,Non-FTC,Romance,6.0 PPV,6.2 PPV,,90+d,approved,active,Live contracted,ongoing,open_for_withdrawal,18-04-2025,21-04-2025,On,16-01-2025,16-01-2025,31-08-2026,1746733,6304,221.711111,0,1,moderation_passed,10,25-08-2026,Pass,80,26,ROW,ppv,,16-01-2025,20-02-2025,25-04-2025,02-06-2025,14-07-2025,23-08-2025,16-01-2025,21-01-2025,10-02-2025,19-04-2025,21-05-2025,23-06-2025,26-07-2025,,,,,progressed,,,,,,,,,,04-02-2025,26-05-2025,111,,passed,passed,passed,,,,,,,,,,,,progressed,,,,,,,,,,26-05-2025,23-07-2025,58,,progressed,paused,paused,,,,,,,,,,,,progressed,,,,,,,,,,23-07-2025,22-09-2025,61,,passed,passed,passed,,,,,,,,28,7,USA,6,PPV,Currently PPV,
53bd90147df4228136243c0a218345e3a338b8c1,His Abandoned Wife,81802f940a58ea51496699dcba96696f,His Abandoned Wife,23f0fca92de022b911f7a9da2245978b58801feb,FTC 2.0,Tushar,Aakash,FTC,Romance,5.0 P3 Testing Candidates,5.3 P3 S1 In Progress,in_progress,4-15d,approved,active,Live contracted,ongoing,open_for_withdrawal,01-06-2026,02-06-2026,On,19-05-2026,19-05-2026,27-09-2026,270992,60389,34.999444,7,26,moderation_passed,10,20-05-2026,Pass,77,25,ROW,testing_p3,,20-05-2026,12-06-2026,09-07-2026,24-08-2026,,,20-05-2026,01-06-2026,11-06-2026,01-07-2026,06-08-2026,11-09-2026,,14-06-2026,27-06-2026,13,ROW,passed,passed,passed,59,48,0.25,0.170894,30,Yes,Yes,27-06-2026,28-07-2026,31,ROW,progressed,,progressed,57,57,0.333333,0.170894,70,No,No,28-07-2026,16-09-2026,50,US,passed,passed,passed,111,103,0.300971,0.26,100,Yes,Yes,16-09-2026,17-09-2026,1,US,progressed,,progressed,112,36,0.194444,0.16,200,No,No,17-09-2026,28-09-2026,11,US,in_progress,in_progress,in_progress,31,0,0,0.1,450,No,No,,,,,,,,,,,,,,,9,9,Nigeria,6,P3,Pending / Ongoing,P3 S1 In Progress
d419897471d8bc8312abf495d27412e669ccf6d0,His Borrowed Wife,40b5da8d770da589d17554b816dee59d41ed5137,His Borrowed Wife,69f9503a4a75bc9445ecedad5871f5553a249adf,WBP,,Ahi,No contest,Romance,5.0 P3 Testing Candidates,5.8 P3 S2 In Progress,in_progress,16-30d,approved,active,Live contracted,ongoing,open_for_withdrawal,19-01-2026,23-01-2026,On,16-12-2025,16-12-2025,27-09-2026,359889,40693,43.7075,7,25,moderation_passed,10,16-12-2025,Pass,86.172,0,USA,testing_p3,2026-02-05T11:28:18.000Z,16-12-2025,14-01-2026,08-02-2026,14-03-2026,29-04-2026,,16-12-2025,01-01-2026,09-01-2026,25-01-2026,24-02-2026,27-03-2026,07-09-2026,06-02-2026,17-02-2026,11,,error,error,error,91,0,0,0.4,30,Yes,No,,,,,progressed,,,,,,,,,,,,,,progressed,,,,,,,,,,,,,,progressed,,,,,,,,,,01-09-2026,,27,US,in_progress,in_progress,in_progress,570,0,0,0.1,2000,No,No,01-09-2026,,27,US,in_progress,in_progress,in_progress,314,0,0,0.059,2000,No,No,1,1,India,1,P3,Pending / Ongoing,P3 S2 In Progress
bb8bdc13e3c19f2845f457b91284273ad6ddf8f2,His Four Little Rascals,bd517774830d453f4c5d117ddf0aab40d26b0171,His Four Little Rascals,a90389e07ac4bd57db3bf4fe48f72619cf4ab6d5,WBP,Manaswini,Harley,Non-FTC,Romance,6.0 PPV,6.2 PPV,,90+d,approved,active,Live contracted,ongoing,open_for_withdrawal,22-04-2025,28-04-2025,On,25-02-2025,25-02-2025,27-09-2026,1565172,184770,191.914722,5,23,moderation_passed,10,16-08-2026,Pass,80,0,USA,ppv,,25-02-2025,05-03-2025,20-03-2025,24-05-2025,07-07-2025,13-08-2025,25-02-2025,27-02-2025,04-03-2025,17-03-2025,13-05-2025,22-06-2025,26-07-2025,,,,,progressed,,,,,,,,,,26-02-2025,29-04-2025,62,,passed,passed,passed,,,,,,,,,,,,progressed,,,,,,,,,,30-06-2025,23-07-2025,23,,progressed,paused,paused,,,,,,,,,,,,progressed,,,,,,,,,,23-07-2025,08-09-2025,47,,passed,passed,passed,,,,,,,,13,6,Nigeria,6,PPV,Currently PPV,
3b626e0d14c34edb82f4b215f3b8d2e50455bbdd,His Lady Boss Is a Mafia,b98ff4172a389c403b93168c76dd25cf72782338,His Lady Boss Is a Mafia,81e6b59f4fa50fc80528b343d43d33d3e3829f80,WBP,Akash,Akash,Non-FTC,Romance,5.0 P3 Testing Candidates,5.3 P3 S1 In Progress,in_progress,16-30d,approved,active,Live contracted,ongoing,open_for_withdrawal,19-01-2024,05-02-2024,Off,04-01-2024,05-01-2024,07-08-2026,310129,0,30.445833,0,0,moderation_passed,10,03-07-2026,,,15,,testing_p3,,05-01-2024,26-02-2024,05-04-2024,07-07-2024,31-07-2026,,05-01-2024,04-02-2024,28-02-2024,07-04-2024,14-07-2024,03-08-2026,,,,,,progressed,,,,,,,,,,,,,,progressed,,,,,,,,,,01-09-2026,01-09-2026,0,US,progressed,,progressed,0,0,0,,100,No,No,,,,,progressed,,,,,,,,,,01-09-2026,28-09-2026,27,US,in_progress,in_progress,in_progress,77,0,0,0.1,450,No,No,,,,,,,,,,,,,,,16,1,Nigeria,1,P3,Pending / Ongoing,P3 S1 In Progress
b6dcffd8fcb56899f1036740aa43dcb9b648ffe5,His Zealous Years Ahead,12bc2930fdc500d10a9503729b7f4e077cd01966,His Zealous Years Ahead,b2ab015b3e5b7bc4c891b75d419db9b2da4f1bf0,WBP,Tapasya,Divyansh,No contest,Fantasy,5.0 P3 Testing Candidates,5.3 P3 S1 In Progress,in_progress,31-45d,approved,active,Live contracted,ongoing,open_for_withdrawal,01-08-2025,11-08-2025,On,14-03-2025,14-03-2025,27-09-2026,858024,107562,93.537778,6,24,moderation_passed,10,10-06-2025,,,12,,testing_p3,2026-03-29T07:04:32.000Z,15-03-2025,14-06-2025,21-07-2025,12-12-2025,05-04-2026,28-04-2026,15-03-2025,25-03-2025,15-06-2025,24-07-2025,15-12-2025,28-03-2026,27-04-2026,,,,,progressed,,,,,,,,,,10-06-2025,22-07-2025,42,,passed,passed,passed,,,,,,,,28-08-2026,28-08-2026,0,US,progressed,,progressed,0,0,0,,100,No,No,,,,,progressed,,,,,,,,,,28-08-2026,28-09-2026,31,US,in_progress,in_progress,in_progress,112,0,0,0.1,450,No,No,,,,,,,,,,,,,,,16,5,Nigeria,5,P3,Pending / Ongoing,P3 S1 In Progress
e0df7c51c42acc2ebb07fef0853244b617b34a0a,Hunted by the Alpha,fa7e1ffac1f90a213788582f493d9b4764e9aa19,Hunted by the Alpha,1349e6eba255219b7902c476b941843ec21db931,WBP,,Ahi,No contest,Romantasy,5.0 P3 Testing Candidates,5.8 P3 S2 In Progress,in_progress,31-45d,approved,active,Live contracted,ongoing,open_for_withdrawal,06-02-2026,09-02-2026,On,15-01-2026,15-01-2026,27-09-2026,407182,45489,44.770278,7,29,moderation_passed,10,18-01-2026,Pass,84.844,0,USA,testing_p3,,16-01-2026,10-02-2026,07-03-2026,18-04-2026,04-07-2026,23-09-2026,15-01-2026,17-01-2026,06-02-2026,26-02-2026,04-04-2026,13-05-2026,28-08-2026,11-02-2026,17-02-2026,6,,progressed,,,8,0,0,0.4,30,No,No,,,,,progressed,,,,,,,,,,,,,,progressed,,,,,,,,,,,,,,progressed,,,,,,,,,,25-08-2026,,34,US,in_progress,in_progress,in_progress,1884,0,0,0.1,2000,No,No,25-08-2026,,34,US,in_progress,in_progress,in_progress,1881,0,0,0.059,2000,No,No,1,1,India,1,P3,Pending / Ongoing,P3 S2 In Progress
7c9e3c835e58a5ec8e21381910eaaf785ea5ddfc,I Do ... Or Do I?,29ff6ce0e5ac3ca546c406b88a828cf021f5a72f,I Do ... Or Do I?,88cdfe54c12a8b5075f2dde7a60ae9947b90f753,WBP,Angel,Krithika,Non-FTC,Romance,5.0 P3 Testing Candidates,5.3 P3 S1 In Progress,in_progress,31-45d,approved,active,Live contracted,ongoing,open_for_withdrawal,28-06-2025,07-07-2025,Off,18-04-2025,18-04-2025,27-02-2026,300642,0,30.701111,0,0,moderation_passed,10,26-11-2025,,,0,,testing_p3,2026-04-07T06:28:56.000Z,18-04-2025,19-05-2025,12-07-2025,03-12-2025,27-02-2026,,18-04-2025,22-04-2025,18-05-2025,12-07-2025,27-11-2025,27-02-2026,,,,,,progressed,,,,,,,,,,22-04-2025,17-06-2025,56,,passed,passed,passed,,,,,,,,28-08-2026,28-08-2026,0,US,progressed,,progressed,0,0,0,,100,No,No,,,,,progressed,,,,,,,,,,28-08-2026,28-09-2026,31,US,in_progress,in_progress,in_progress,181,0,0,0.1,450,No,No,,,,,,,,,,,,,,,4,3,Nigeria,3,P3,Pending / Ongoing,P3 S1 In Progress
da2b63280d328cd78ef9102ea4f7f131a3ff6369,I Returned for Revenge,648c82b0c2b3ebca24b1f5328d546bb07672678f,I Returned for Revenge,bcd65629816f995fe35ffc9d9994b0bed826b012,WBP,Manaswini,Harley,No contest,Romance,5.0 P3 Testing Candidates,5.3 P3 S1 In Progress,in_progress,31-45d,approved,active,Live contracted,ongoing,open_for_withdrawal,20-01-2026,22-01-2026,Off,26-11-2025,26-11-2025,06-03-2026,268817,0,41.903889,0,0,moderation_passed,10,16-08-2026,,,9,,testing_p3,2026-04-29T06:46:23.000Z,26-11-2025,26-11-2025,21-01-2026,08-02-2026,,,26-11-2025,26-11-2025,26-11-2025,21-01-2026,23-01-2026,08-02-2026,18-02-2026,,,,,progressed,,,,,,,,,,26-11-2025,17-01-2026,52,,passed,passed,passed,,,,,,,,22-01-2026,06-03-2026,43,US,error,error,error,100,100,0.52,0.26,100,Yes,Yes,06-03-2026,29-04-2026,54,ROW,failed,failed,failed,238,213,0.018779,0.100724,200,Yes,Yes,28-08-2026,28-09-2026,31,US,in_progress,in_progress,in_progress,355,0,0,0.1,450,No,No,,,,,,,,,,,,,,,116,36,Nigeria,36,P3,Pending / Ongoing,P3 S1 In Progress
b4357a596922bd37b47ec2573cd92ac18997c713,Immortal Ascension,4db87aa3888034c68c778762c1fe2be8,Immortal Ascension,10bfd2f7bf9a3e5a1fa10305b53d99b0b45ee673,FTC 3.0,Asif,Krithika,Non-FTC,System and Superpower,5.0 P3 Testing Candidates,5.3 P3 S1 In Progress,in_progress,31-45d,approved,active,Live contracted,ongoing,open_for_withdrawal,09-07-2026,10-08-2026,On,21-06-2026,21-06-2026,27-09-2026,461711,66737,64.651389,6,28,moderation_passed,10,22-06-2026,Pass,86,0,USA,testing_p3,2026-07-08T06:10:42.000Z,21-06-2026,22-06-2026,25-06-2026,29-06-2026,17-07-2026,29-08-2026,21-06-2026,21-06-2026,22-06-2026,24-06-2026,26-06-2026,29-06-2026,02-07-2026,24-06-2026,08-07-2026,14,US,failed,failed,failed,60,53,0.339623,0.4,30,Yes,Yes,,,,,progressed,,,,,,,,,,09-07-2026,18-08-2026,40,US,progressed,,progressed,101,73,0.164384,0.26,100,Yes,No,,,,,progressed,,,,,,,,,,18-08-2026,28-09-2026,41,US,in_progress,in_progress,in_progress,572,0,0,0.1,450,Yes,No,,,,,,,,,,,,,,,9,5,ROW,4,P3,Pending / Ongoing,P3 S1 In Progress
05808ad9143ee75794133fd50497137fea47e57b,Infinity Stars,07efe439edda2069345aefe682d402c1a2e85e43,Infinity Stars,4b6b84a4ea40486b64ef0a057d4ed6102de54496,WBP,Ankita,Cortney,Non-FTC,Fantasy,6.0 PPV,6.2 PPV,,16-30d,approved,active,Live contracted,ongoing,open_for_withdrawal,15-04-2026,22-04-2026,On,02-02-2026,02-02-2026,27-09-2026,807817,106043,90.831111,7,30,moderation_passed,10,02-02-2026,Pass,93.434,30,USA,ppv,,02-02-2026,11-02-2026,02-03-2026,03-04-2026,02-05-2026,01-06-2026,02-02-2026,03-02-2026,08-02-2026,21-02-2026,18-03-2026,16-04-2026,13-05-2026,11-02-2026,18-03-2026,35,US,passed,passed,passed,56,31,0.548387,0.4,30,Yes,Yes,18-03-2026,01-04-2026,14,US,passed,passed,passed,79,77,0.493506,0.4,70,Yes,Yes,01-04-2026,06-05-2026,35,US,passed,passed,passed,103,101,0.455446,0.26,100,Yes,Yes,06-05-2026,12-06-2026,37,US,progressed,,progressed,220,105,0.428571,0.16,200,Yes,No,12-06-2026,24-08-2026,73,US,passed,passed,passed,506,467,0.286938,0.1,450,Yes,Yes,24-08-2026,10-09-2026,17,US,passed,passed,passed,506,504,0.222222,0.059,450,Yes,Yes,16,11,Nigeria,9,PPV,Currently PPV,
f47e2c3c03d765bd054b92de405403a6c90b8d7f,It Was You Mister Cross,14bbb1673d7177ffad3972fe4ace1e1a48dd806a,It Was You Mister Cross,2b27b8f3d0f64701554793f81a192e870a996a3d,WBP,Tejaswini,Pragati,No contest,Romance,5.0 P3 Testing Candidates,5.4 P3 S1 Paused,paused,31-45d,approved,active,Live contracted,ongoing,open_for_withdrawal,25-01-2026,02-02-2026,Off,29-11-2025,29-11-2025,17-04-2026,409066,0,62.236111,0,0,moderation_passed,10,29-11-2025,,,30,,testing_p3,2026-05-09T06:30:51.000Z,29-11-2025,30-11-2025,03-02-2026,12-02-2026,18-03-2026,15-04-2026,29-11-2025,29-11-2025,29-11-2025,14-01-2026,07-02-2026,12-02-2026,12-03-2026,,,,,progressed,,,,,,,,,,30-11-2025,26-01-2026,57,,passed,passed,passed,,,,,,,,04-02-2026,20-03-2026,44,US,error,error,error,115,108,0.324074,0.26,100,Yes,Yes,20-03-2026,09-05-2026,50,ROW,failed,failed,failed,563,282,0.060284,0.100724,200,Yes,Yes,28-08-2026,,,US,paused,paused,paused,0,0,0,,450,No,No,,,,,,,,,,,,,,,54,14,Nigeria,14,P3,Pending / Ongoing,P3 S1 Paused
8e36a60de34dcee5a96156507eb902741b36cc77,It's Crystal,c657ee8085726753c632e1668004f79a,It's Crystal,818fc347ac7de7cdeda2b39b20e2cc30fc4c4d64,WBP - Filtered,Chandradeep,Anisha,Non-FTC,Romance,5.0 P3 Testing Candidates,5.8 P3 S2 In Progress,in_progress,4-15d,approved,active,Live contracted,ongoing,open_for_withdrawal,26-05-2026,01-06-2026,On,29-03-2026,29-03-2026,27-09-2026,551926,85589,67.385556,6,23,moderation_passed,10,03-04-2026,Pass,76,15,USA,testing_p3,,29-03-2026,27-04-2026,13-05-2026,14-06-2026,10-07-2026,08-08-2026,29-03-2026,06-04-2026,21-04-2026,08-05-2026,31-05-2026,23-06-2026,16-07-2026,01-05-2026,14-05-2026,13,US,passed,passed,passed,63,44,0.636364,0.4,30,Yes,Yes,14-05-2026,26-05-2026,12,US,passed,passed,passed,113,73,0.60274,0.4,70,Yes,Yes,26-05-2026,05-07-2026,40,US,passed,passed,passed,120,115,0.521739,0.26,100,Yes,Yes,05-07-2026,09-07-2026,4,US,progressed,,progressed,217,0,0,0.16,200,Yes,No,09-07-2026,23-09-2026,76,US,passed,passed,passed,478,463,0.138229,0.1,450,Yes,Yes,23-09-2026,28-09-2026,5,US,in_progress,in_progress,in_progress,478,389,0.089974,0.059,450,Yes,No,6,5,ROW,5,P3,Pending / Ongoing,P3 S2 In Progress
3a6212d18e444c9585676ce7dba35b7111dd1613,King of Throne,e78dc01adb8966809d95f380b22e4ab2,King of Throne,a9c1dd095afb56906943c1f3cbafbaab16feaf2d,FTC 3.0,Chitra,Akash,Non-FTC,Fantasy,5.0 P3 Testing Candidates,5.3 P3 S1 In Progress,in_progress,4-15d,approved,active,Live contracted,ongoing,open_for_withdrawal,09-09-2026,21-09-2026,On,24-07-2026,24-07-2026,27-09-2026,314863,87472,34.829444,7,27,moderation_passed,10,24-07-2026,Pass,76,2,ROW,testing_p3,,24-07-2026,24-07-2026,28-07-2026,08-08-2026,24-09-2026,,24-07-2026,24-07-2026,24-07-2026,27-07-2026,05-08-2026,15-09-2026,,28-07-2026,13-08-2026,16,ROW,passed,passed,passed,39,34,0.176471,0.170894,30,Yes,Yes,13-08-2026,28-08-2026,15,ROW,failed,failed,failed,101,82,0.268293,0.32,70,Yes,Yes,28-08-2026,17-09-2026,20,US,progressed,,progressed,24,0,0,0.26,100,No,No,,,,,progressed,,,,,,,,,,17-09-2026,28-09-2026,11,US,in_progress,in_progress,in_progress,361,0,0,0.1,450,No,No,,,,,,,,,,,,,,,4,3,India,2,P3,Pending / Ongoing,P3 S1 In Progress
f692474d2ac3ef329a93f72cfedf44bceaced5f1,Kingsley Reigns,35e75f2018a9ddf4d886038b7de080fb1e2b673e,Kingsley Reigns,a20ecde2254989c3ce339180c4d187b9616479eb,WBP,Chitra,Akash,No contest,Drama,6.0 PPV,6.2 PPV,,90+d,approved,active,Live contracted,ongoing,open_for_withdrawal,23-06-2024,24-06-2024,On,08-05-2024,08-05-2024,27-09-2026,2008301,91098,268.617222,7,29,moderation_passed,10,27-11-2025,,,25,,ppv,,19-05-2024,29-06-2024,22-07-2024,04-09-2024,19-10-2024,29-01-2025,18-05-2024,21-05-2024,11-06-2024,11-07-2024,12-08-2024,15-09-2024,19-10-2024,,,,,progressed,,,,,,,,,,,,,,progressed,,,,,,,,,,,,,,progressed,,,,,,,,,,08-04-2025,08-04-2025,0,,progressed,paused,paused,,,,,,,,,,,,progressed,,,,,,,,,,08-04-2025,23-05-2025,45,,passed,passed,passed,,,,,,,,7,2,ROW,2,PPV,Currently PPV,
ee2e216e3dceba69118e501b055c3b7b9a0335a3,Kyan's System Awakening,c217b4403196e3008ab2cf3b092b48410d3428ed,Kyan's System Awakening,db59bec4d008b358dd05022ef2dda8e8985d20f7,WBP,Ankita,Cortney,No contest,Fantasy,6.0 PPV,6.2 PPV,,46-90d,approved,active,Live contracted,ongoing,open_for_withdrawal,20-08-2025,26-08-2025,On,21-11-2024,05-05-2025,27-09-2026,756663,83322,82.966389,7,28,moderation_passed,10,29-05-2025,,,9,,ppv,,06-05-2025,12-06-2025,27-08-2025,07-02-2026,22-03-2026,10-05-2026,05-05-2025,14-05-2025,09-06-2025,21-08-2025,19-01-2026,15-03-2026,20-04-2026,,,,,progressed,,,,,,,,,,,,,,progressed,,,,,,,,,,,,,,progressed,,,,,,,,,,03-11-2025,07-04-2026,155,ROW,passed,passed,passed,,,,,,,,07-04-2026,28-05-2026,51,US,passed,passed,passed,586,457,0.225383,0.1,450,Yes,Yes,28-05-2026,13-07-2026,46,US,passed,passed,passed,591,591,0.103215,0.059,450,Yes,Yes,11,2,ROW,2,PPV,Currently PPV,
96f6721dc499b730f42b02d86e640d682f4f665d,Last Witch of Swendel,1b2e0fbf55a2f7ceed0dedbde7b9209f5d36040d,Last Witch of Swendel,64f0eb00105e3cf94a2e947bca359c7ac1340366,WBP,Ashi,Harley,Non-FTC,Romantasy,6.0 PPV,6.2 PPV,,90+d,approved,active,Live contracted,ongoing,open_for_withdrawal,05-07-2025,08-07-2025,On,12-05-2025,12-05-2025,27-09-2026,1233953,96816,128.493889,7,23,moderation_passed,10,16-08-2026,,,20,,ppv,,13-05-2025,01-06-2025,16-06-2025,13-08-2025,24-09-2025,04-11-2025,12-05-2025,13-05-2025,01-06-2025,16-06-2025,15-08-2025,27-09-2025,08-11-2025,,,,,progressed,,,,,,,,,,27-05-2025,20-06-2025,24,,passed,passed,passed,,,,,,,,01-04-2026,01-04-2026,0,US,progressed,,progressed,0,0,0,,100,No,No,,,,,progressed,,,,,,,,,,01-04-2026,30-04-2026,29,US,progressed,,progressed,497,0,0,0.1,450,Yes,No,,,,,progressed,,,,,,,,,,31,23,Nigeria,22,PPV,Currently PPV,
b2e0e008665e30068057a1556346d5473a8ed579,Legend of Cursed Blood,3b4d2a72d43ef816a33641b70b514f00dffe60ee,Legend of Cursed Blood,bb03a162576a4144e1c3598dfa826fb3f67fca2b,WBP,Teena,Sumana,Non-FTC,Fantasy,5.0 P3 Testing Candidates,5.3 P3 S1 In Progress,in_progress,31-45d,approved,active,Live contracted,ongoing,open_for_withdrawal,12-04-2025,17-04-2025,On,24-01-2025,24-01-2025,27-09-2026,1777796,103686,209.809167,7,27,moderation_passed,10,28-11-2025,,,27,,testing_p3,2026-03-27T06:57:56.000Z,24-01-2025,04-02-2025,24-02-2025,23-03-2025,02-05-2025,10-06-2025,24-01-2025,24-01-2025,01-02-2025,15-02-2025,11-03-2025,10-04-2025,13-05-2025,,,,,progressed,,,,,,,,,,,,,,progressed,,,,,,,,,,28-08-2026,28-08-2026,0,US,progressed,,progressed,0,0,0,,100,No,No,,,,,progressed,,,,,,,,,,28-08-2026,28-09-2026,31,US,in_progress,in_progress,in_progress,169,0,0,0.1,450,No,No,,,,,,,,,,,,,,,9,1,Nigeria,1,P3,Pending / Ongoing,P3 S1 In Progress
f55e0806430f9f979b0bfc889bab608a05d8bb5b,Light of a New World,17d7bf039b7a59aa2247a5920b83327198bb419c,Light of a New World,1dd26a41f80a4fd62331d40a3330c4d7a6f007a1,WBP,Chitra,Akash,Non-FTC,Sci-Fi,5.0 P3 Testing Candidates,5.3 P3 S1 In Progress,in_progress,4-15d,approved,active,Live contracted,ongoing,open_for_withdrawal,22-09-2025,29-09-2025,On,12-07-2025,12-07-2025,27-09-2026,1026948,67022,112.806111,7,24,moderation_passed,10,12-03-2026,,,1,,testing_p3,2026-04-21T07:13:45.000Z,12-07-2025,16-07-2025,31-07-2025,20-08-2025,06-09-2025,20-10-2025,12-07-2025,13-07-2025,14-07-2025,28-07-2025,17-08-2025,27-08-2025,06-10-2025,22-04-2026,27-04-2026,5,US,progressed,,progressed,5,0,0,0.4,30,No,No,,,,,progressed,,,,,,,,,,27-04-2026,22-06-2026,56,US,progressed,,progressed,82,53,0.075472,0.26,100,No,No,,,,,progressed,,,,,,,,,,23-09-2026,,5,US,in_progress,in_progress,in_progress,17,0,0,0.1,450,No,No,,,,,,,,,,,,,,,7,1,UK,1,P3,Pending / Ongoing,P3 S1 In Progress
6214ecac2801afde28aa63c555faf06203321c85,Love Behind the Screen,d0fa7d61202473519815452cd9119824e16e4f20,Love Behind the Screen,45dc45da54661b39d91437b6fb0d2b085feacddd,WBP,Manaswini,Harley,Non-FTC,Romance,6.0 PPV,6.1 P3 Passed - Action Awaited,,31-45d,approved,active,Live contracted,ongoing,open_for_withdrawal,28-01-2026,22-02-2026,Off,09-09-2025,09-09-2025,20-09-2026,1128034,240516,121.326111,0,16,moderation_passed,10,09-09-2025,,,3,,testing_p3,,09-09-2025,03-10-2025,31-12-2025,20-02-2026,16-03-2026,06-04-2026,08-09-2025,22-09-2025,02-10-2025,23-12-2025,17-02-2026,27-02-2026,20-03-2026,,,,,progressed,,,,,,,,,,26-11-2025,19-01-2026,54,,passed,passed,passed,,,,,,,,24-08-2026,24-08-2026,0,US,progressed,,progressed,0,0,0,,100,No,No,,,,,progressed,,,,,,,,,,24-08-2026,,35,US,in_progress,in_progress,in_progress,323,0,0,0.1,450,No,No,16-07-2026,24-08-2026,39,US,passed,passed,passed,485,485,0.094845,0.059,450,Yes,Yes,7,1,Nigeria,1,P3,Progressed from P3,Recorded Pass
aab4996493c32f1ec5e010a7e9b25c3e280e1445,Love Forever,78697e0dc5c353b1f3432c51c3be8a04ac1584b2,Love Forever,d6213d1ab0728cb2533ce4e9dcc5fe210874eccc,WBP,Bala,Akash,No contest,Romance,5.0 P3 Testing Candidates,5.4 P3 S1 Paused,paused,31-45d,approved,active,Live contracted,ongoing,open_for_withdrawal,16-07-2024,19-07-2024,Off,19-06-2024,20-06-2024,20-10-2024,517826,0,46.414722,0,0,moderation_failed,0,,,,30,,testing_p3,2025-04-23T06:06:59.000Z,20-06-2024,22-06-2024,28-06-2024,11-07-2024,08-08-2024,12-09-2024,19-06-2024,19-06-2024,22-06-2024,28-06-2024,11-07-2024,19-08-2024,27-09-2024,,,,,progressed,,,,,,,,,,,,,,progressed,,,,,,,,,,28-08-2026,28-08-2026,0,US,progressed,,progressed,0,0,0,,100,No,No,,,,,progressed,,,,,,,,,,28-08-2026,,,US,paused,paused,paused,0,0,0,,450,No,No,,,,,,,,,,,,,,,148,1,Nigeria,1,P3,Pending / Ongoing,P3 S1 Paused
29b6547143fa9e79e6e0d3e0463e7b79ac00c7fd,"Love, Revenge & My Past",14edf3b26c43489fde25da956116e079,"Love, Revenge & My Past",2856ee50c450088f6efd4e18b905023ee5b3b3c9,WBP,Srijita Ghosh,Pragati,No contest,Romance,5.0 P3 Testing Candidates,5.3 P3 S1 In Progress,in_progress,46-90d,approved,active,Completed,completion,open_for_withdrawal,25-05-2026,31-07-2026,On,31-03-2026,31-03-2026,25-07-2026,606099,0,58.515278,0,0,moderation_passed,10,02-04-2026,Pass,73,25,USA,testing_p3,,01-04-2026,05-04-2026,12-04-2026,27-04-2026,14-05-2026,03-06-2026,01-04-2026,02-04-2026,06-04-2026,13-04-2026,29-04-2026,18-05-2026,09-06-2026,11-04-2026,03-05-2026,22,US,passed,passed,passed,67,39,0.564103,0.4,30,Yes,Yes,03-05-2026,15-05-2026,12,US,passed,passed,passed,104,72,0.458333,0.4,70,Yes,Yes,15-05-2026,17-06-2026,33,US,passed,passed,passed,107,104,0.298077,0.26,100,Yes,Yes,17-06-2026,28-07-2026,41,US,progressed,,progressed,201,107,0.186916,0.16,200,Yes,No,28-07-2026,28-09-2026,62,US,in_progress,in_progress,in_progress,468,252,0.039683,0.1,450,Yes,No,,,,,,,,,,,,,,,8,5,USA,5,P3,Pending / Ongoing,P3 S1 In Progress
4d887dec2a071a00150fdcd6417f16bcaf5f02b0,Loving Nathaniel Hawthorne: The Billionaire Playboy,2914870208543f10e788a23f6dec4db3ff3b1aec,Loving Nathaniel Hawthorne: The Billionaire Playboy,d249886e256c7b45b2506cb69652b129dab225e7,WBP,Manaswini,Harley,Non-FTC,Romance,6.0 PPV,6.2 PPV,,90+d,approved,active,Live contracted,ongoing,open_for_withdrawal,22-04-2024,03-05-2024,On,30-01-2024,30-01-2024,15-08-2026,1427812,0,140.808056,0,0,moderation_passed,10,15-08-2026,,,28,,ppv,,06-02-2024,29-02-2024,17-03-2024,05-05-2024,11-06-2024,20-07-2024,06-02-2024,12-02-2024,28-02-2024,17-03-2024,06-05-2024,13-06-2024,24-07-2024,,,,,,,,,,,,,,,,,,,,,,,,,,,,,,,,,,,,,,,,,,,,,,,,,,,,,,,,,,,,,,,,,,,,,,,,,,,progressed,,,,,,,,,,9,2,Nigeria,2,PPV,Currently PPV,
40e06046d3679811f910f8beed9306369f59c60e,Lycan Unity Academy,fb08f8a2f84016db447f00c2a374f2bde0644152,Lycan Unity Academy,71df814d8d67f7657cee057b4b761aab2d41bf7d,WBP,Ankita,Cortney,Non-FTC,Romantasy,5.0 P3 Testing Candidates,5.3 P3 S1 In Progress,in_progress,31-45d,approved,active,Live contracted,ongoing,open_for_withdrawal,03-03-2026,09-03-2026,On,05-12-2025,03-01-2026,27-09-2026,528543,94484,72.702222,7,22,moderation_passed,10,05-01-2026,,,0,,testing_p3,,06-01-2026,18-01-2026,28-02-2026,03-04-2026,22-06-2026,23-08-2026,04-01-2026,06-01-2026,12-01-2026,04-02-2026,18-03-2026,18-04-2026,17-06-2026,17-01-2026,09-02-2026,23,,passed,passed,passed,63,53,0.415094,0.4,30,Yes,Yes,09-02-2026,22-02-2026,13,,passed,passed,passed,103,91,0.450549,0.4,70,Yes,Yes,22-02-2026,30-03-2026,36,US,passed,passed,passed,105,103,0.330097,0.26,100,Yes,Yes,30-03-2026,24-05-2026,55,US,passed,passed,passed,209,203,0.211823,0.16,200,Yes,Yes,24-08-2026,,35,US,in_progress,in_progress,in_progress,385,0,0,0.1,450,No,No,,,,,,,not_recorded,,,,,,,,16,3,Nigeria,3,P3,Pending / Ongoing,P3 S1 In Progress
4e82e5be987e78daa5bb2bb67006b68256170925,Machine Invasion,23d752731ba92cb3dfe2e8f88f2a4da6,Machine Invasion,359c2a94140a0d641433dc2364ce620a77c95960,WBP,,Ahi,No contest,System and Superpower,5.0 P3 Testing Candidates,5.8 P3 S2 In Progress,in_progress,90+d,approved,active,Live contracted,ongoing,open_for_withdrawal,24-02-2026,27-02-2026,On,03-02-2026,03-02-2026,27-09-2026,427147,46976,47.6775,7,25,moderation_passed,10,03-02-2026,,,0,,testing_p3,,03-02-2026,25-02-2026,09-03-2026,27-04-2026,13-07-2026,12-09-2026,03-02-2026,08-02-2026,24-02-2026,28-02-2026,22-04-2026,20-06-2026,15-08-2026,,,,,progressed,,,,,,,,,,,,,,progressed,,,,,,,,,,,,,,progressed,,,,,,,,,,,,,,progressed,,,,,,,,,,16-09-2026,28-09-2026,12,US,passed,passed,passed,2007,2006,0.138086,0.1,2000,Yes,Yes,10-03-2026,16-09-2026,190,US,in_progress,in_progress,in_progress,2007,1999,0.04002,0.059,2000,Yes,No,1,1,ROW,1,P3,Pending / Ongoing,P3 S2 In Progress
1e8c33b5d824973efcdca4b5194f961aed4ba258,Mafia's Reluctant Bride,82a05915cb0e76fcea9c27f9b090e07b,Mafia's Reluctant Bride,8c11527d47c0c30e5102e34a4a52e41cf992bc9d,FTC 1.0,Navya,Krithika,FTC,Romance,5.0 P3 Testing Candidates,5.3 P3 S1 In Progress,in_progress,16-30d,approved,active,Live contracted,ongoing,open_for_withdrawal,22-04-2026,07-05-2026,On,08-04-2026,09-04-2026,27-09-2026,334521,86971,37.429444,7,29,moderation_passed,10,12-04-2026,Pass,76,3,ROW,testing_p3,2026-08-05T08:55:35.000Z,12-04-2026,17-05-2026,13-06-2026,31-07-2026,20-09-2026,,11-04-2026,26-04-2026,16-05-2026,08-06-2026,29-07-2026,06-09-2026,,04-06-2026,18-06-2026,14,US,passed,passed,passed,66,57,0.403509,0.4,30,Yes,Yes,,,,,progressed,,,,,,,,,,28-08-2026,08-09-2026,11,US,progressed,progressed,progressed,0,0,0,,100,No,No,,,,,progressed,,,,,,,,,,08-09-2026,28-09-2026,20,US,in_progress,in_progress,in_progress,621,0,0,0.1,450,Yes,No,,,,,,,,,,,,,,,20,13,Nigeria,6,P3,Pending / Ongoing,P3 S1 In Progress
80e6be6f7d165552c60a2fc7cbf39746d2ab2466,Marked by Him: True Mate,c6a977beebdcc902197fd396d8c5ce4682700913,Marked by Him: True Mate,fad3ebff75d813a4521a24eff5737b4676797a0b,WBP,Angel,Krithika,Non-FTC,Romantasy,5.0 P3 Testing Candidates,5.3 P3 S1 In Progress,in_progress,16-30d,approved,active,Live contracted,ongoing,open_for_withdrawal,31-10-2025,11-11-2025,On,08-09-2025,08-09-2025,23-09-2026,601174,79688,64.464722,2,16,moderation_passed,10,14-09-2025,,,16,,testing_p3,,08-09-2025,03-10-2025,09-12-2025,31-01-2026,30-04-2026,25-06-2026,08-09-2025,16-09-2025,01-10-2025,01-12-2025,31-01-2026,30-04-2026,03-06-2026,,,,,progressed,,,,,,,,,,17-10-2025,16-12-2025,60,,passed,passed,passed,,,,,,,,16-12-2025,01-03-2026,75,US,passed,passed,passed,104,103,0.504854,0.26,100,Yes,Yes,01-03-2026,23-04-2026,53,US,passed,passed,passed,219,212,0.377358,0.16,200,Yes,Yes,07-09-2026,,21,US,in_progress,in_progress,in_progress,428,0,0,0.1,450,No,No,,,,,,,not_recorded,,,,,,,,9,7,Nigeria,7,P3,Pending / Ongoing,P3 S1 In Progress
a830c3a71510f0594792edb43a5e99b9da02d7e7,Married to a Dying Prince,ab6f7c5e1ca987c6dc63f9151d5c898a,Married to a Dying Prince,043504b1cb4356f534f443a53574eb3587e816c3,WBP - Filtered,Priyanshi,Anisha,No contest,Romantasy,5.0 P3 Testing Candidates,5.3 P3 S1 In Progress,in_progress,46-90d,approved,active,Live contracted,ongoing,open_for_withdrawal,09-07-2026,13-08-2026,On,29-05-2026,29-05-2026,27-09-2026,738557,149217,94.163333,7,29,moderation_passed,10,30-05-2026,Pass,84,22,USA,testing_p3,2026-08-05T08:57:33.000Z,29-05-2026,05-06-2026,16-06-2026,07-07-2026,22-07-2026,01-08-2026,28-05-2026,29-05-2026,01-06-2026,12-06-2026,29-06-2026,14-07-2026,24-07-2026,10-06-2026,23-06-2026,13,US,passed,passed,passed,80,30,0.433333,0.4,30,Yes,Yes,23-06-2026,25-06-2026,2,US,passed,passed,passed,80,79,0.417722,0.4,70,Yes,Yes,07-08-2026,07-08-2026,0,US,progressed,progressed,progressed,0,0,0,,100,No,No,,,,,progressed,,,,,,,,,,07-08-2026,28-09-2026,52,US,in_progress,in_progress,in_progress,501,411,0.223844,0.1,450,Yes,No,,,,,,,,,,,,,,,4,3,Nigeria,3,P3,Pending / Ongoing,P3 S1 In Progress
e7a3ee79841762542e0eb645666b039c707001f5,Masked Prince's Princess,b281c8bef5e5dd9fc6c2ae1f8908001d4d48f83c,Masked Prince's Princess,64f0eb00105e3cf94a2e947bca359c7ac1340366,WBP,Srijita Ghosh,Pragati,Non-FTC,Romance,6.0 PPV,6.2 PPV,,16-30d,approved,active,Live contracted,ongoing,open_for_withdrawal,03-01-2026,06-01-2026,Off,21-09-2025,21-09-2025,27-09-2026,611323,54779,72.131944,7,20,moderation_passed,10,22-09-2025,,,23,,ppv,,22-09-2025,26-09-2025,06-11-2025,28-01-2026,14-03-2026,20-04-2026,21-09-2025,21-09-2025,26-09-2025,06-11-2025,20-01-2026,20-02-2026,30-03-2026,,,,,progressed,,,,,,,,,,03-11-2025,26-11-2025,23,,passed,passed,passed,,,,,,,,19-08-2026,19-08-2026,0,US,progressed,,progressed,0,0,0,,100,No,No,,,,,progressed,,,,,,,,,,19-08-2026,19-08-2026,0,US,progressed,progressed,progressed,0,0,0,,450,No,No,19-08-2026,03-09-2026,15,US,progressed,progressed,progressed,0,0,0,,450,No,No,31,27,Nigeria,26,PPV,Currently PPV,
ef47552b570f8fc4cc243b88fae469ea12c31df0,Mated to Enemy’s Luna,eeae5a1cfbefe9b03358b97c6e3263b69a61753c,Mated to Enemy’s Luna,d4f3355ca0ccde8d915d8df854a8703449fc9869,WBP,Sanskar,Aakash,No contest,Romantasy,5.0 P3 Testing Candidates,5.4 P3 S1 Paused,paused,31-45d,approved,active,Live contracted,ongoing,open_for_withdrawal,24-11-2025,26-11-2025,Off,02-10-2025,03-10-2025,19-03-2026,419400,0,66.076389,0,0,moderation_passed,10,04-10-2025,,,12,,testing_p3,2026-05-04T07:01:18.000Z,03-10-2025,03-10-2025,03-12-2025,01-01-2026,01-02-2026,16-03-2026,03-10-2025,03-10-2025,03-10-2025,13-10-2025,11-12-2025,02-01-2026,14-01-2026,,,,,progressed,,,,,,,,,,03-11-2025,03-12-2025,30,,passed,passed,passed,,,,,,,,28-08-2026,28-08-2026,0,US,progressed,,progressed,0,0,0,,100,No,No,03-12-2025,04-05-2026,152,ROW,failed,failed,failed,203,200,0.025,0.100724,200,Yes,Yes,28-08-2026,,,US,paused,paused,paused,0,0,0,,450,No,No,,,,,,,,,,,,,,,130,17,Nigeria,16,P3,Pending / Ongoing,P3 S1 Paused
a58a0944241952550b248f5ed8bc3d2647482fe5,Miraculous Eyes,774483424fa81f1e150fd616d36334d2,Miraculous Eyes,d6213d1ab0728cb2533ce4e9dcc5fe210874eccc,FTC 3.0,Aakash,Aakash Bhojwani,No contest,Drama,5.0 P3 Testing Candidates,5.3 P3 S1 In Progress,in_progress,46-90d,approved,active,Live contracted,ongoing,open_for_withdrawal,31-08-2026,01-09-2026,On,13-05-2026,13-05-2026,26-09-2026,447026,84426,48.809167,6,29,moderation_passed,10,13-05-2026,Pass,78,30,ROW,testing_p3,,13-05-2026,13-05-2026,13-05-2026,13-05-2026,30-07-2026,06-09-2026,13-05-2026,13-05-2026,13-05-2026,13-05-2026,13-05-2026,24-07-2026,31-08-2026,15-05-2026,28-05-2026,13,ROW,passed,passed,passed,149,81,0.469136,0.265319,30,Yes,Yes,28-05-2026,29-05-2026,1,ROW,passed,passed,passed,149,131,0.427481,0.265319,70,Yes,Yes,29-05-2026,22-06-2026,24,ROW,passed,passed,passed,748,263,0.201521,0.192533,100,Yes,Yes,22-06-2026,18-07-2026,26,ROW,passed,passed,passed,296,236,0.194915,0.010416,200,Yes,Yes,18-07-2026,28-09-2026,72,US,in_progress,in_progress,in_progress,466,440,0.018182,0.1,450,Yes,No,,,,,,,,,,,,,,,148,56,Nigeria,55,P3,Pending / Ongoing,P3 S1 In Progress
749524eadbd429949b1a44242bd8fb3559f3626c,Monarch of His Shadows,2a598182b6a3503f64169baa1db3e768884587cf,Monarch of His Shadows,e196c58a016846ff1117113021c2803eb32c0916,WBP,,,No contest,Fantasy,5.0 P3 Testing Candidates,5.4 P3 S1 Paused,paused,31-45d,approved,active,Live contracted,ongoing,open_for_withdrawal,24-03-2026,31-03-2026,Off,27-12-2025,27-12-2025,28-04-2026,349935,0,30.855,0,0,moderation_passed,10,02-01-2026,Pass,81.172,0,USA,testing_p3,2026-05-25T06:09:56.000Z,02-01-2026,03-01-2026,05-01-2026,07-03-2026,09-04-2026,,03-01-2026,03-01-2026,04-01-2026,05-01-2026,07-03-2026,25-04-2026,,,,,,progressed,,,,,,,,,,06-01-2026,20-03-2026,73,,passed,passed,passed,174,103,0.475728,0.4,70,Yes,Yes,20-03-2026,15-04-2026,26,US,error,error,error,196,109,0.321101,0.192533,100,Yes,Yes,15-04-2026,25-05-2026,40,ROW,failed,failed,failed,241,201,0.059701,0.100724,200,Yes,Yes,28-08-2026,,,US,paused,paused,paused,0,0,0,,450,No,No,,,,,,,,,,,,,,,1,1,Spain,1,P3,Pending / Ongoing,P3 S1 Paused
114fed9f0540f90ccc58d03a383c7c69260baeae,Mother's Murder & Secrets,ea0ce19e13fff45d0d8ac30f01583dc1e6759f4c,Mother's Murder & Secrets,bb03a162576a4144e1c3598dfa826fb3f67fca2b,WBP,Ashi,Harley,Non-FTC,Suspense or Thriller,5.0 P3 Testing Candidates,5.3 P3 S1 In Progress,in_progress,90+d,approved,active,Live contracted,ongoing,open_for_withdrawal,03-10-2025,08-10-2025,On,19-05-2025,19-05-2025,27-09-2026,1026578,92062,112.686944,7,27,moderation_passed,10,08-07-2025,,,27,,testing_p3,,23-05-2025,11-08-2025,09-09-2025,23-10-2025,26-11-2025,08-01-2026,22-05-2025,21-07-2025,06-08-2025,02-09-2025,16-10-2025,05-11-2025,17-12-2025,,,,,progressed,,,,,,,,,,08-07-2025,14-09-2025,68,,passed,passed,passed,,,,,,,,,,,,progressed,,,,,,,,,,03-11-2025,23-03-2026,140,,progressed,paused,paused,,,,,,,,23-03-2026,28-09-2026,189,US,in_progress,in_progress,in_progress,450,443,0.03386,0.1,450,Yes,No,,,,,,,,,,,,,,,9,2,Nigeria,2,P3,Pending / Ongoing,P3 S1 In Progress
c6786de3c05a64c2f4c13acbe0e61d8d4e111aad,Mr. Kane's Reluctant Wife,123a8d13ae0fe92fec7bfe9a68e020b4,Mr. Kane's Reluctant Wife,36de835d71bd834c2817970bbe95a1a73d1b0449,WBP,Apoorva,Cortney,Non-FTC,Romance,5.0 P3 Testing Candidates,5.8 P3 S2 In Progress,in_progress,0-3d,approved,active,Live contracted,ongoing,open_for_withdrawal,31-05-2026,23-06-2026,On,11-03-2026,11-03-2026,27-09-2026,440153,94077,56.618056,7,28,moderation_passed,10,24-03-2026,Pass,80,1,USA,testing_p3,,11-03-2026,01-04-2026,30-04-2026,25-06-2026,16-08-2026,16-09-2026,11-03-2026,15-03-2026,27-03-2026,18-04-2026,05-06-2026,30-06-2026,17-08-2026,02-04-2026,01-05-2026,29,US,passed,passed,passed,61,50,0.52,0.4,30,Yes,Yes,01-05-2026,14-05-2026,13,US,passed,passed,passed,80,74,0.527027,0.4,70,Yes,Yes,14-05-2026,17-06-2026,34,US,passed,passed,passed,108,104,0.461538,0.26,100,Yes,Yes,17-06-2026,09-07-2026,22,US,progressed,,progressed,252,80,0.125,0.16,200,Yes,No,09-07-2026,26-09-2026,79,US,passed,passed,passed,459,450,0.188889,0.1,450,Yes,Yes,26-09-2026,28-09-2026,2,US,in_progress,in_progress,in_progress,459,402,0.097015,0.059,450,Yes,No,7,7,Nigeria,7,P3,Pending / Ongoing,P3 S2 In Progress
123964565c4c79c7f1a3737171a0125020300913,My Alien Boxing System,9e6fb66a8fa1b4788b398a6dffe2979d71d2cd71,My Alien Boxing System,afda676861073591c7b830fe1b94292ad54e0f83,FTC 2.0,Arnav,Nimit,FTC,Fantasy,5.0 P3 Testing Candidates,5.3 P3 S1 In Progress,in_progress,31-45d,approved,active,Live contracted,ongoing,open_for_withdrawal,18-06-2026,01-07-2026,On,18-05-2026,19-05-2026,27-09-2026,522086,59992,64.753611,7,29,moderation_passed,10,19-05-2026,Pass,79,28,USA,testing_p3,,19-05-2026,01-06-2026,09-06-2026,26-06-2026,14-07-2026,03-08-2026,19-05-2026,21-05-2026,28-05-2026,06-06-2026,20-06-2026,02-07-2026,19-07-2026,03-06-2026,16-06-2026,13,US,passed,passed,passed,67,48,0.4375,0.4,30,Yes,Yes,16-06-2026,28-06-2026,12,US,passed,passed,passed,90,73,0.438356,0.4,70,Yes,Yes,28-06-2026,18-08-2026,51,US,progressed,,progressed,104,83,0.168675,0.26,100,Yes,No,,,,,progressed,,,,,,,,,,18-08-2026,28-09-2026,41,US,in_progress,in_progress,in_progress,478,0,0,0.1,450,Yes,No,,,,,,,,,,,,,,,25,20,Nigeria,19,P3,Pending / Ongoing,P3 S1 In Progress
94d808231f41a64988f80a2739e6a748f1278c28,My Amazing Husband's Life,2ad3904683c1a21658b65636bebe60f8,My Amazing Husband's Life,d6213d1ab0728cb2533ce4e9dcc5fe210874eccc,WBP,Srijita Ghosh,Pragati,No contest,Drama,5.0 P3 Testing Candidates,5.3 P3 S1 In Progress,in_progress,31-45d,approved,active,Live contracted,ongoing,open_for_withdrawal,01-07-2026,10-07-2026,Off,18-05-2026,18-05-2026,18-08-2026,641974,0,90.591111,0,0,moderation_passed,10,18-05-2026,Pass,82,30,USA,testing_p3,2026-07-13T06:11:22.000Z,18-05-2026,18-05-2026,18-05-2026,19-05-2026,11-07-2026,20-07-2026,18-05-2026,18-05-2026,18-05-2026,18-05-2026,19-05-2026,22-06-2026,10-07-2026,20-05-2026,02-06-2026,13,US,passed,passed,passed,60,47,0.446809,0.4,30,Yes,Yes,02-06-2026,15-06-2026,13,US,passed,passed,passed,107,90,0.444444,0.4,70,Yes,Yes,28-08-2026,28-08-2026,0,US,progressed,progressed,progressed,0,0,0,,100,No,No,,,,,progressed,,,,,,,,,,28-08-2026,28-09-2026,31,US,in_progress,in_progress,in_progress,331,0,0,0.1,450,No,No,,,,,,,,,,,,,,,148,58,Nigeria,57,P3,Pending / Ongoing,P3 S1 In Progress
19153cd9dd2e137f1311235c9104db0ecba38abb,My Apex Trading System,fd2a71b929ae7a8679fa4bbb48f7f8c7,My Apex Trading System,bc4e83f3dac295bc003a4a98ca95a5c58c125cc2,FTC 3.0,Priyanshi,Anisha,Non-FTC,Sci-Fi,5.0 P3 Testing Candidates,5.3 P3 S1 In Progress,in_progress,31-45d,approved,active,Live contracted,ongoing,open_for_withdrawal,31-08-2026,11-09-2026,On,19-07-2026,19-07-2026,27-09-2026,326836,82621,42.048056,7,24,moderation_passed,10,19-07-2026,Pass,88,6,USA,testing_p3,,19-07-2026,23-07-2026,01-08-2026,16-08-2026,11-09-2026,,19-07-2026,20-07-2026,23-07-2026,31-07-2026,09-08-2026,26-08-2026,19-09-2026,28-07-2026,14-08-2026,17,US,passed,passed,passed,40,31,0.548387,0.4,30,Yes,Yes,14-08-2026,24-08-2026,10,US,progressed,,progressed,87,40,0.5,0.4,70,Yes,No,24-08-2026,28-08-2026,4,US,progressed,,progressed,15,0,0,0.26,100,No,No,,,,,progressed,,,,,,,,,,28-08-2026,28-09-2026,31,US,in_progress,in_progress,in_progress,451,0,0,0.1,450,Yes,No,,,,,,,,,,,,,,,4,1,Nigeria,1,P3,Pending / Ongoing,P3 S1 In Progress
462b561ac0c6d238fc5ed6d8ce632a9e6a2152d9,My Billionaire System,d9228b020dde007879bb419de725ba8a6272a737,My Billionaire System,a7d8ef6bbff01ca8777e61f3d0bba8d0aeb3095a,WBP - Filtered,Gaurav,Krithika,No contest,System and Superpower,5.0 P3 Testing Candidates,5.3 P3 S1 In Progress,in_progress,31-45d,approved,active,Live contracted,ongoing,open_for_withdrawal,01-06-2026,15-06-2026,On,28-02-2026,28-02-2026,27-09-2026,343302,80427,39.732778,7,24,moderation_passed,10,28-02-2026,Pass,77.44,0,USA,testing_p3,2026-07-17T06:04:36.000Z,28-02-2026,15-03-2026,05-06-2026,21-07-2026,20-09-2026,,28-02-2026,28-02-2026,09-03-2026,10-04-2026,06-07-2026,24-08-2026,,16-03-2026,30-03-2026,14,US,passed,passed,passed,78,50,0.42,0.4,30,Yes,Yes,,,,,progressed,,,,,,,,,,03-08-2026,28-08-2026,25,US,progressed,progressed,progressed,160,24,0.5,0.26,100,Yes,No,,,,,progressed,,,,,,,,,,28-08-2026,28-09-2026,31,US,in_progress,in_progress,in_progress,504,0,0,0.1,450,Yes,No,,,,,,,,,,,,,,,27,15,USA,10,P3,Pending / Ongoing,P3 S1 In Progress
4010f733ac400156fd9f4d75852b8ebdeabe1689,My Ceo Husband's Secret,4ef92009dcc37171cada718ac9feff882951cbc8,My CEO Husband's Secret,7d3a8478e0117acb4b7200cebc67b2ee39357386,WBP,Tejaswini,Pragati,No contest,Romance,5.0 P3 Testing Candidates,5.3 P3 S1 In Progress,in_progress,31-45d,approved,active,Live contracted,ongoing,open_for_withdrawal,09-02-2026,11-02-2026,Off,15-11-2025,16-11-2025,27-09-2026,801104,62896,86.825,7,26,moderation_passed,10,17-11-2025,,,29,,testing_p3,2026-04-16T05:24:44.000Z,17-11-2025,10-12-2025,11-12-2025,26-12-2025,04-01-2026,12-01-2026,17-11-2025,20-11-2025,10-12-2025,11-12-2025,20-12-2025,02-01-2026,10-01-2026,12-01-2026,28-01-2026,16,,passed,passed,passed,65,33,0.636364,0.4,30,Yes,Yes,28-01-2026,10-02-2026,13,,passed,passed,passed,135,98,0.653061,0.4,70,Yes,Yes,24-08-2026,24-08-2026,0,US,progressed,progressed,progressed,0,0,0,,100,No,No,11-03-2026,16-04-2026,36,US,progressed,,progressed,261,122,0.385246,0.16,200,Yes,No,24-08-2026,28-09-2026,35,US,in_progress,in_progress,in_progress,478,0,0,0.1,450,Yes,No,,,,,,,,,,,,,,,4,2,ROW,2,P3,Pending / Ongoing,P3 S1 In Progress
ba58c408aae0331f317a27899fb5721783fb73aa,My Chimeric Eater System,7d77a1deb373f8c02ae6f9a93bbc3214,My Chimeric Eater System,6a24f49e5a43965c283d4cf6f807e40519e9748c,WBP,Abhilash,Sumana,No contest,System and Superpower,5.0 P3 Testing Candidates,5.3 P3 S1 In Progress,in_progress,16-30d,approved,active,Live contracted,ongoing,open_for_withdrawal,03-08-2026,10-08-2026,On,22-07-2026,22-07-2026,26-09-2026,119105,70494,13.640833,6,26,moderation_passed,10,22-07-2026,,,0,,testing_p3,,22-07-2026,29-08-2026,22-09-2026,,,,22-07-2026,12-08-2026,26-08-2026,17-09-2026,,,,,,,,progressed,,,,,,,,,,,,,,progressed,,,,,,,,,,,,,,progressed,,,,,,,,,,,,,,progressed,,,,,,,,,,29-08-2026,28-09-2026,30,US,in_progress,in_progress,in_progress,1323,0,0,0.1,2000,No,No,,,,,,,,,,,,,,,1,1,India,1,P3,Pending / Ongoing,P3 S1 In Progress
c04c6d5eb020135b9855b7b2290092294bd33d99,My Crimson Bite,1cb75c18b4ff0204289d22107bf8d2cd6614bfed,My Crimson Bite,710942ba1509ced72956643175a69bb68755e27a,WBP,Manaswini,Harley,Non-FTC,Romantasy,5.0 P3 Testing Candidates,5.3 P3 S1 In Progress,in_progress,31-45d,approved,active,Live contracted,ongoing,open_for_withdrawal,01-06-2025,06-06-2025,On,25-02-2025,25-02-2025,25-09-2026,319088,8198,32.508333,4,5,moderation_passed,10,28-11-2025,,,9,,testing_p3,2026-03-13T06:50:51.000Z,27-02-2025,13-03-2025,01-05-2025,03-08-2025,27-01-2026,,27-02-2025,01-03-2025,11-03-2025,29-04-2025,01-08-2025,11-10-2025,,,,,,progressed,,,,,,,,,,,,,,progressed,,,,,,,,,,28-08-2026,28-08-2026,0,US,progressed,,progressed,0,0,0,,100,No,No,,,,,progressed,,,,,,,,,,28-08-2026,28-09-2026,31,US,in_progress,in_progress,in_progress,69,0,0,0.1,450,No,No,,,,,,,,,,,,,,,12,7,ROW,5,P3,Pending / Ongoing,P3 S1 In Progress
e40505b31ca87f2f6b736e3f18b3e9f46e21cd04,My Dragonic System,d7a7c34d5bbfb3a4caa67a67a0885e400c724b5c,My Dragonic System,2c1ee5c742f6fed760a19cc94c8c7dc8bde4d2c1,WBP,Chitra,Akash,Non-FTC,System and Superpower,6.0 PPV,6.2 PPV,,90+d,approved,active,Live contracted,ongoing,open_for_withdrawal,21-01-2025,22-01-2025,On,31-10-2024,31-10-2024,27-09-2026,835014,48120,87.659444,7,22,moderation_passed,10,16-08-2026,,,7,,ppv,,04-11-2024,28-11-2024,28-01-2025,11-04-2025,10-06-2025,23-08-2025,04-11-2024,08-11-2024,28-11-2024,29-01-2025,15-04-2025,11-06-2025,19-08-2025,,,,,progressed,,,,,,,,,,,,,,progressed,,,,,,,,,,,,,,progressed,,,,,,,,,,15-04-2025,03-07-2025,79,,progressed,paused,paused,,,,,,,,,,,,progressed,,,,,,,,,,03-07-2025,06-08-2025,34,,passed,passed,passed,,,,,,,,3,3,Nigeria,3,PPV,Currently PPV,
cc5ecb3fc21c174557bddcfbc36d821c915d89ed,My Lovely Intruder,40d450ef0f9485ae5abbb923b66170c921bce7fd,My Lovely Intruder,7ae50f95c9d43c344e0204eec743e0526a6e7584,WBP,Manaswini,Harley,Non-FTC,Romantasy,5.0 P3 Testing Candidates,5.3 P3 S1 In Progress,in_progress,31-45d,approved,active,Live contracted,ongoing,open_for_withdrawal,12-06-2025,20-06-2025,On,06-01-2025,19-01-2025,26-06-2026,670081,0,75.902222,0,0,moderation_passed,10,26-11-2025,,,0,,testing_p3,2026-03-10T07:00:59.000Z,23-01-2025,10-02-2025,06-03-2025,27-06-2025,18-08-2025,23-11-2025,22-01-2025,25-01-2025,08-02-2025,27-02-2025,22-04-2025,03-08-2025,11-10-2025,,,,,progressed,,,,,,,,,,24-01-2025,30-05-2025,126,,passed,passed,passed,,,,,,,,28-08-2026,28-08-2026,0,US,progressed,,progressed,0,0,0,,100,No,No,,,,,progressed,,,,,,,,,,28-08-2026,28-09-2026,31,US,in_progress,in_progress,in_progress,88,0,0,0.1,450,No,No,,,,,,,,,,,,,,,4,2,USA,2,P3,Pending / Ongoing,P3 S1 In Progress
bb2f281964ff5fb7528074b3b2b73409bbf91d2a,My Money Minting System,6fbd7a8a5afdce439ec9eceb34b9af07d88f8095,My Money Minting System,243a7c89f0692180c226e58b34f2d5b494839524,WBP,Chandradeep,Anisha,Non-FTC,System and Superpower,5.0 P3 Testing Candidates,5.3 P3 S1 In Progress,in_progress,31-45d,approved,active,Live contracted,ongoing,open_for_withdrawal,25-10-2025,30-10-2025,Off,24-07-2025,24-07-2025,25-09-2026,356793,6604,31.206944,4,6,moderation_passed,10,11-09-2025,,,0,,testing_p3,2025-12-12T06:21:54.000Z,31-07-2025,05-09-2025,28-09-2025,10-11-2025,12-12-2025,,01-08-2025,16-08-2025,07-09-2025,04-10-2025,19-11-2025,09-01-2026,,,,,,progressed,,,,,,,,,,18-08-2025,16-09-2025,29,,passed,passed,passed,,,,,,,,14-07-2026,28-08-2026,45,US,progressed,,progressed,0,0,0,,100,No,No,,,,,progressed,,,,,,,,,,28-08-2026,28-09-2026,31,US,in_progress,in_progress,in_progress,521,0,0,0.1,450,Yes,No,,,,,,,,,,,,,,,11,10,Nigeria,10,P3,Pending / Ongoing,P3 S1 In Progress
e168f716089521f9d1fe95769f273458c64e2ba9,My Young Bodyguard,205db6a21e73c175e4ec3d0e6b527d1c097756d2,My Young Bodyguard,3962fa4cf7b5323f11656004aa4c64362e1daaa2,WBP,Angel,Krithika,Non-FTC,Drama,5.0 P3 Testing Candidates,5.4 P3 S1 Paused,paused,31-45d,approved,active,Live contracted,ongoing,open_for_withdrawal,01-11-2025,10-11-2025,Off,24-08-2025,24-08-2025,09-07-2026,380639,0,45.310833,0,0,moderation_passed,10,10-09-2025,,,29,,testing_p3,2026-04-01T07:11:59.000Z,26-08-2025,19-09-2025,15-10-2025,23-11-2025,17-03-2026,,26-08-2025,02-09-2025,13-09-2025,12-10-2025,12-11-2025,21-12-2025,26-03-2026,23-02-2026,23-02-2026,0,,progressed,,progressed,0,0,0,,30,No,No,,,,,progressed,,,,,,,,,,28-08-2026,28-08-2026,0,US,progressed,progressed,progressed,0,0,0,,100,No,No,,,,,progressed,,,,,,,,,,28-08-2026,26-09-2026,29,US,paused,paused,paused,337,0,0,0.1,450,No,No,,,,,,,,,,,,,,,48,16,ROW,10,P3,Pending / Ongoing,P3 S1 Paused
be6caef02859b458c7e726aab639c65f41c8e1be,Natural Godly Martial Art,8e5d4c98c6e42fbf67af6b252768c1d2,Natural Godly Martial Art,d6213d1ab0728cb2533ce4e9dcc5fe210874eccc,WBP - Filtered,Srijita Ghosh,Pragati,No contest,Fantasy,5.0 P3 Testing Candidates,5.3 P3 S1 In Progress,in_progress,31-45d,approved,active,Live contracted,ongoing,open_for_withdrawal,09-09-2026,09-09-2026,On,22-05-2026,22-05-2026,27-09-2026,343060,40315,36.303056,7,29,moderation_passed,10,22-05-2026,Pass,76,30,ROW,testing_p3,,22-05-2026,22-05-2026,23-05-2026,24-05-2026,26-08-2026,,22-05-2026,22-05-2026,22-05-2026,23-05-2026,24-05-2026,16-08-2026,,24-05-2026,02-06-2026,9,ROW,passed,passed,passed,286,36,0.527778,0.265319,30,Yes,Yes,02-06-2026,06-06-2026,4,ROW,passed,passed,passed,293,132,0.378788,0.265319,70,Yes,Yes,06-06-2026,04-08-2026,59,ROW,passed,passed,passed,103,100,0.29,0.077458,100,Yes,Yes,04-08-2026,28-08-2026,24,ROW,progressed,,progressed,314,100,0.19,0.128,200,Yes,No,28-08-2026,28-09-2026,31,US,in_progress,in_progress,in_progress,469,0,0,0.1,450,Yes,No,,,,,,,,,,,,,,,148,61,Nigeria,60,P3,Pending / Ongoing,P3 S1 In Progress
df497806d02c2dcc2e8f8e790fcc3fb9e72f8166,Never Letting You Go,8b14fd5cabc5cdfc6a5ad8262efd9770,Never Letting You Go,fb3e85254cd3e0badc94b4611d3419ff33aedd29,WBP - Filtered,Apoorva,Cortney,Non-FTC,Romance,5.0 P3 Testing Candidates,5.3 P3 S1 In Progress,in_progress,16-30d,approved,active,Live contracted,ongoing,open_for_withdrawal,09-07-2026,21-09-2026,On,25-05-2026,25-05-2026,27-09-2026,492659,108827,57.223056,7,29,moderation_passed,10,26-05-2026,Pass,87,0,USA,testing_p3,2026-06-22T06:08:25.000Z,26-05-2026,07-06-2026,15-06-2026,09-07-2026,06-08-2026,06-09-2026,26-05-2026,29-05-2026,08-06-2026,16-06-2026,02-07-2026,24-07-2026,19-08-2026,09-06-2026,22-06-2026,13,US,failed,failed,failed,54,49,0.265306,0.4,30,Yes,Yes,,,,,progressed,,,,,,,,,,09-07-2026,01-09-2026,54,US,progressed,,progressed,108,38,0.184211,0.26,100,Yes,No,,,,,progressed,,,,,,,,,,01-09-2026,28-09-2026,27,US,in_progress,in_progress,in_progress,217,0,0,0.1,450,No,No,,,,,,,,,,,,,,,4,4,ROW,4,P3,Pending / Ongoing,P3 S1 In Progress
4056d8e031445adbb80d52b1fd723609be585a3b,Only Boy on the Bus,ed3f6ba9a49b1b8492c3fb7550ba5c20,Only Boy On The Bus,79a7c2fef5329cec04f6b9f253b30005e7a549b5,FTC 3.0,Chandradeep,Anisha,FTC,Fantasy,5.0 P3 Testing Candidates,5.9 P3 S2 Paused,paused,31-45d,approved,active,Signing pending,ongoing,signing_pending,07-08-2026,,On,26-06-2026,26-06-2026,01-07-2026,277863,0,30.075556,0,0,moderation_passed,10,26-06-2026,Pass,71,2,ROW,testing_p3,,26-06-2026,26-06-2026,26-06-2026,01-07-2026,,,26-06-2026,26-06-2026,26-06-2026,26-06-2026,30-06-2026,30-06-2026,,28-06-2026,13-07-2026,15,ROW,passed,passed,passed,39,35,0.371429,0.170894,30,Yes,Yes,13-07-2026,28-07-2026,15,ROW,passed,passed,passed,73,70,0.4,0.170894,70,Yes,Yes,28-07-2026,28-07-2026,0,ROW,progressed,,progressed,0,0,0,,100,No,No,,,,,progressed,,,,,,,,,,28-07-2026,27-08-2026,30,US,progressed,paused,paused,210,0,0,0.1,450,No,No,27-08-2026,30-08-2026,3,US,paused,paused,paused,352,0,0,0.059,450,No,No,55,39,USA,37,P3,Pending / Ongoing,P3 S2 Paused
d71fc923d0820825aefcf4bf75b7743891f7feac,Only One Race,84dd793619be2a709bd6850a00d544035b98caaf,Only One Race,4b6b84a4ea40486b64ef0a057d4ed6102de54496,WBP,,,Non-FTC,Fantasy,5.0 P3 Testing Candidates,5.3 P3 S1 In Progress,in_progress,31-45d,approved,active,Live contracted,ongoing,open_for_withdrawal,30-06-2026,10-07-2026,On,14-03-2026,14-03-2026,27-09-2026,535215,91881,64.219167,7,30,moderation_passed,10,14-03-2026,Pass,77,30,USA,testing_p3,,14-03-2026,05-04-2026,09-05-2026,15-06-2026,16-07-2026,15-08-2026,14-03-2026,16-03-2026,30-03-2026,01-05-2026,05-06-2026,30-06-2026,25-07-2026,06-04-2026,06-05-2026,30,US,passed,passed,passed,31,27,0.592593,0.4,30,Yes,No,06-05-2026,25-05-2026,19,US,passed,passed,passed,87,72,0.486111,0.4,70,Yes,Yes,25-05-2026,05-07-2026,41,US,passed,passed,passed,106,104,0.317308,0.26,100,Yes,Yes,05-07-2026,28-08-2026,54,US,progressed,,progressed,201,169,0.16568,0.16,200,Yes,No,28-08-2026,28-09-2026,31,US,in_progress,in_progress,in_progress,430,0,0,0.1,450,No,No,,,,,,,,,,,,,,,16,12,Nigeria,10,P3,Pending / Ongoing,P3 S1 In Progress
4e3bbfc86993cf8c574bdebca34a49627f4a386a,Our Beloved Villains,0a01fc45a9b7e984ae86ed7897b455082d77c658,Our Beloved Villains,4b6b84a4ea40486b64ef0a057d4ed6102de54496,WBP,Angel,Krithika,Non-FTC,Fantasy,5.0 P3 Testing Candidates,5.4 P3 S1 Paused,paused,31-45d,approved,active,Live contracted,ongoing,open_for_withdrawal,27-06-2025,01-07-2025,Off,18-03-2025,15-04-2025,19-12-2025,431831,0,45.576389,0,0,moderation_passed,10,09-12-2025,,,30,,testing_p3,,15-04-2025,07-05-2025,01-06-2025,15-07-2025,31-08-2025,18-10-2025,15-04-2025,21-04-2025,04-05-2025,28-05-2025,10-07-2025,23-08-2025,05-10-2025,,,,,progressed,,,,,,,,,,05-05-2025,22-06-2025,48,,passed,passed,passed,,,,,,,,,,,,progressed,,,,,,,,,,03-11-2025,28-08-2026,298,US,progressed,paused,paused,,,,,,,,28-08-2026,,,US,paused,paused,paused,0,0,0,,450,No,No,,,,,,,,,,,,,,,16,3,Nigeria,3,P3,Pending / Ongoing,P3 S1 Paused
41fe3152f98c34f655d93ac2fc85bf506eac3371,Owen & Liam,d371d5c2fefb6cc01903a1c531609d262bd0c997,Owen & Liam,d249886e256c7b45b2506cb69652b129dab225e7,WBP,Ashi,Harley,Non-FTC,Romance,6.0 PPV,6.2 PPV,,90+d,approved,active,Live contracted,ongoing,open_for_withdrawal,10-09-2024,11-09-2024,On,25-07-2024,25-07-2024,27-09-2026,2036442,107001,201.730556,6,28,moderation_passed,10,17-08-2026,,,0,,ppv,,02-08-2024,25-09-2024,23-10-2024,11-12-2024,11-02-2025,30-03-2025,02-08-2024,04-09-2024,25-09-2024,25-10-2024,15-12-2024,15-02-2025,02-04-2025,,,,,progressed,,,,,,,,,,,,,,progressed,,,,,,,,,,,,,,progressed,,,,,,,,,,23-04-2025,23-04-2025,0,,progressed,paused,paused,,,,,,,,,,,,progressed,,,,,,,,,,23-04-2025,06-06-2025,44,,passed,passed,passed,,,,,,,,9,5,Nigeria,5,PPV,Currently PPV,
184b660f61809850b4478d5bf89e9d10794578ee,Playing with Fire,d7210ce3b2d542c822a94111242c9a15be876fff,Playing with Fire,70d1c82276c069d6f9141ef1ca9d6c0772ca4fc8,WBP,Tapasya,Divyansh,No contest,Romance,5.0 P3 Testing Candidates,5.4 P3 S1 Paused,paused,16-30d,approved,active,Live contracted,ongoing,open_for_withdrawal,22-04-2024,30-04-2024,Off,04-03-2024,04-03-2024,02-04-2025,335451,0,30.626389,0,0,moderation_failed,0,,,,0,,testing_p3,2025-04-28T08:02:30.000Z,05-03-2024,24-04-2024,15-05-2024,03-12-2024,10-01-2025,,05-03-2024,08-03-2024,26-04-2024,20-05-2024,12-12-2024,24-03-2025,,,,,,progressed,,,,,,,,,,,,,,progressed,,,,,,,,,,08-09-2026,08-09-2026,0,US,progressed,,progressed,0,0,0,,100,No,No,,,,,progressed,,,,,,,,,,08-09-2026,,,US,paused,paused,paused,0,0,0,,450,No,No,,,,,,,,,,,,,,,14,3,Brazil,2,P3,Pending / Ongoing,P3 S1 Paused
e2f077e58449b7e3e415bd16eb5bb755606936b6,Powerless Heir to Throne,5d2c2e0c3b2d6c947c8ffcb942a03fcb,Powerless Heir to Throne,6961bad271b57b21863e8c8c17737fcdfec7896c,WBP,,,No contest,System and Superpower,5.0 P3 Testing Candidates,5.3 P3 S1 In Progress,in_progress,46-90d,approved,active,Live contracted,ongoing,open_for_withdrawal,26-06-2026,07-07-2026,On,11-05-2026,11-05-2026,27-09-2026,826916,168245,101.443333,7,30,moderation_passed,10,11-05-2026,Pass,91,7,USA,testing_p3,,11-05-2026,11-05-2026,13-05-2026,05-06-2026,20-06-2026,09-07-2026,11-05-2026,11-05-2026,11-05-2026,11-05-2026,29-05-2026,10-06-2026,23-06-2026,13-05-2026,27-05-2026,14,US,passed,passed,passed,58,47,0.510638,0.4,30,Yes,Yes,27-05-2026,09-06-2026,13,US,passed,passed,passed,112,85,0.435294,0.4,70,Yes,Yes,09-06-2026,19-07-2026,40,US,passed,passed,passed,113,109,0.33945,0.26,100,Yes,Yes,19-07-2026,28-07-2026,9,US,progressed,,progressed,198,0,0,0.16,200,No,No,28-07-2026,28-09-2026,62,US,in_progress,in_progress,in_progress,486,412,0.101942,0.1,450,Yes,No,,,,,,,,,,,,,,,55,43,Philippines,36,P3,Pending / Ongoing,P3 S1 In Progress
9897c34ca7143cb319fd56943504e8f8be1550c2,Priced Royal Kiss,48fe94e52da3533d3c4b7533c049844751344f37,Priced Royal Kiss,1791ec07665eb0bb352ba799428c753089307c2d,WBP,Angel,Krithika,Non-FTC,Drama,5.0 P3 Testing Candidates,5.3 P3 S1 In Progress,in_progress,31-45d,approved,active,Live contracted,ongoing,open_for_withdrawal,23-12-2025,21-01-2026,Off,16-09-2025,16-09-2025,27-09-2026,598477,23504,79.5325,2,7,moderation_passed,10,16-09-2025,,,24,,testing_p3,2026-03-24T07:14:37.000Z,16-09-2025,26-10-2025,07-11-2025,28-12-2025,19-01-2026,11-02-2026,16-09-2025,16-09-2025,28-09-2025,06-11-2025,11-12-2025,03-01-2026,20-01-2026,,,,,progressed,,,,,,,,,,03-11-2025,25-11-2025,22,,passed,passed,passed,,,,,,,,28-08-2026,28-08-2026,0,US,progressed,,progressed,0,0,0,,100,No,No,,,,,progressed,,,,,,,,,,28-08-2026,28-09-2026,31,US,in_progress,in_progress,in_progress,49,0,0,0.1,450,No,No,,,,,,,,,,,,,,,18,10,USA,8,P3,Pending / Ongoing,P3 S1 In Progress
5e570d3fccfb5029774b4d9f9669429f580d0791,Princess Ebony & the Silver Dragon,8db0121485b247b889d687363b2abadfe282ef97,Princess Ebony & the Silver Dragon,4cc2903497ff9b4ceb360041e926703ab522d02d,WBP,Chitra,Akash,Non-FTC,Fantasy,6.0 PPV,6.2 PPV,,90+d,approved,active,Completed,completion,open_for_withdrawal,10-02-2024,28-06-2024,On,27-01-2024,28-01-2024,21-04-2026,1502007,0,132.568333,0,0,moderation_passed,10,26-11-2025,,,3,,ppv,,31-01-2024,20-02-2024,17-03-2024,10-05-2024,21-06-2024,07-08-2024,01-02-2024,07-02-2024,17-02-2024,22-03-2024,19-05-2024,11-07-2024,03-09-2024,,,,,progressed,,,,,,,,,,,,,,progressed,,,,,,,,,,,,,,progressed,,,,,,,,,,,,,,progressed,,,,,,,,,,,,,,progressed,,,,,,,,,,06-01-2025,19-03-2025,72,,passed,passed,passed,,,,,,,,2,1,USA,1,PPV,Currently PPV,
1c56eb2cce6609cb207d235ae3464f7759d4cb84,Rage of the Heiress,353e418c7393f3c6608ced6bdb35062199ac0568,Rage of the Heiress,e21de73a448f246a410b3f8ae5623d751955227a,WBP,Ankita,Cortney,Non-FTC,Drama,6.0 PPV,6.2 PPV,,31-45d,approved,active,Live contracted,ongoing,open_for_withdrawal,25-01-2026,02-02-2026,On,24-09-2025,24-09-2025,26-09-2026,1150512,97718,164.553056,6,26,moderation_passed,10,08-10-2025,,,1,,ppv,,08-10-2025,01-11-2025,30-01-2026,19-02-2026,10-03-2026,26-03-2026,08-10-2025,08-10-2025,22-10-2025,02-01-2026,06-02-2026,20-02-2026,05-03-2026,,,,,progressed,,,,,,,,,,14-11-2025,20-01-2026,67,,passed,passed,passed,,,,,,,,29-01-2026,18-03-2026,48,ROW,passed,passed,passed,113,102,0.529412,0.26,100,Yes,Yes,18-03-2026,30-04-2026,43,ROW,progressed,,progressed,344,87,0.172414,0.100724,200,Yes,No,30-04-2026,13-07-2026,74,US,passed,passed,passed,468,441,0.256236,0.1,450,Yes,No,13-07-2026,19-08-2026,37,US,passed,passed,passed,468,468,0.224359,0.059,450,Yes,Yes,28,18,USA,17,PPV,Currently PPV,
2804c5c0d94ac97e4b67564cc852e784e64583e5,Rebirth in Beauty,7295715b27fba3dab397e94509526e56,Rebirth in Beauty,eb27689ce5db874e528ebf61f2bd8e35893ad637,FTC 3.0,Aakash,Nimit,No contest,Fantasy,5.0 P3 Testing Candidates,5.3 P3 S1 In Progress,in_progress,16-30d,approved,active,Live contracted,ongoing,open_for_withdrawal,09-09-2026,16-09-2026,On,11-04-2026,11-04-2026,25-09-2026,325383,149891,44.229167,5,24,moderation_passed,10,23-05-2026,Pass,79,21,ROW,testing_p3,2026-08-16T06:03:04.000Z,23-05-2026,23-07-2026,09-08-2026,01-09-2026,20-09-2026,,23-05-2026,14-06-2026,20-07-2026,27-07-2026,24-08-2026,03-09-2026,15-09-2026,29-07-2026,16-08-2026,18,US,failed,failed,failed,38,36,0.333333,0.4,30,Yes,Yes,,,,,progressed,,,,,,,,,,24-08-2026,07-09-2026,14,US,progressed,,progressed,65,0,0,0.26,100,No,No,,,,,progressed,,,,,,,,,,07-09-2026,28-09-2026,21,US,in_progress,in_progress,in_progress,334,0,0,0.1,450,No,No,,,,,,,,,,,,,,,2,2,ROW,2,P3,Pending / Ongoing,P3 S1 In Progress
f3b45a9b931b38c0315d82ad645b9e45b513664b,Reborn as a Golblin?!,f8e6de95a080fe5a7e0dc6f521e0dd09,Reborn as a Golblin?!,cef97a3ef73361123f16ff1d43e6a5873ceece5e,FTC 3.0,Apoorva,Cortney,Non-FTC,System and Superpower,5.0 P3 Testing Candidates,5.3 P3 S1 In Progress,in_progress,16-30d,approved,active,Signing pending,ongoing,signing_pending,31-08-2026,,On,23-07-2026,23-07-2026,30-08-2026,248472,2619,31.237222,0,1,moderation_passed,10,24-07-2026,Pass,84,0,USA,testing_p3,,23-07-2026,25-07-2026,30-07-2026,09-08-2026,,,23-07-2026,23-07-2026,24-07-2026,29-07-2026,02-08-2026,21-08-2026,,27-07-2026,10-08-2026,14,US,passed,passed,passed,46,32,0.46875,0.4,30,Yes,Yes,10-08-2026,18-08-2026,8,US,progressed,,progressed,88,46,0.478261,0.4,70,Yes,No,18-08-2026,01-09-2026,14,US,progressed,,progressed,121,0,0,0.26,100,Yes,No,,,,,progressed,,,,,,,,,,01-09-2026,28-09-2026,27,US,in_progress,in_progress,in_progress,451,0,0,0.1,450,Yes,No,,,,,,,,,,,,,,,4,3,USA,3,P3,Pending / Ongoing,P3 S1 In Progress
fce99720ddedf66c6e45f23c6876581e0b796f34,Reborn as Serena Whitmore,a6556b999bbe85a00744830f440cdefc,Reborn as Serena Whitmore,89ad41a6cd91a9dbb50037a0f18fb5e12109d00a,WBP,Tapasya,Nimit,FTC,Romance,5.0 P3 Testing Candidates,5.3 P3 S1 In Progress,in_progress,31-45d,approved,active,Live contracted,ongoing,open_for_withdrawal,09-06-2026,23-06-2026,On,09-04-2026,09-04-2026,27-09-2026,373949,80055,40.881389,5,24,moderation_passed,10,10-04-2026,Pass,90,18,USA,testing_p3,,10-04-2026,11-05-2026,18-06-2026,31-07-2026,29-08-2026,,10-04-2026,14-04-2026,09-05-2026,14-06-2026,24-07-2026,22-08-2026,24-09-2026,13-05-2026,27-05-2026,14,US,passed,passed,passed,55,49,0.530612,0.4,30,Yes,Yes,27-05-2026,09-06-2026,13,US,passed,passed,passed,111,82,0.573171,0.4,70,Yes,Yes,18-06-2026,06-08-2026,49,US,passed,passed,passed,109,101,0.415842,0.26,100,Yes,Yes,06-08-2026,28-08-2026,22,US,progressed,,progressed,201,66,0.106061,0.16,200,Yes,No,28-08-2026,28-09-2026,31,US,in_progress,in_progress,in_progress,478,0,0,0.1,450,Yes,No,,,,,,,,,,,,,,,5,4,Nigeria,4,P3,Pending / Ongoing,P3 S1 In Progress
8aab13cef66595bf85428c05007cefe16b733ba5,Reborn Heartbeat,eafe860f4b1d1da56933edf4203484a4d5851030,Reborn Heartbeat,36de835d71bd834c2817970bbe95a1a73d1b0449,WBP,Tejaswini,Pragati,Non-FTC,Romance,5.0 P3 Testing Candidates,5.3 P3 S1 In Progress,in_progress,16-30d,approved,active,Completed,completion,open_for_withdrawal,09-08-2024,14-08-2024,On,16-07-2024,16-07-2024,22-12-2024,331601,0,34.169722,0,0,moderation_passed,10,,,,28,,testing_p3,,16-07-2024,07-08-2024,26-08-2024,02-10-2024,25-11-2024,,16-07-2024,23-07-2024,06-08-2024,25-08-2024,30-09-2024,23-11-2024,,,,,,progressed,,,,,,,,,,,,,,progressed,,,,,,,,,,01-09-2026,01-09-2026,0,US,progressed,,progressed,0,0,0,,100,No,No,,,,,progressed,,,,,,,,,,01-09-2026,28-09-2026,27,US,in_progress,in_progress,in_progress,53,0,0,0.1,450,No,No,,,,,,,,,,,,,,,7,4,Nigeria,4,P3,Pending / Ongoing,P3 S1 In Progress
03488a9bdecaf176a7a11138160e470f361ce803,Reborn to Be His Wife,98769ad691efef663eaa647cf9d2164477b3f433,Reborn to Be His Wife,6961bad271b57b21863e8c8c17737fcdfec7896c,WBP,Tejaswini,Pragati,Non-FTC,Romantasy,5.0 P3 Testing Candidates,5.3 P3 S1 In Progress,in_progress,31-45d,approved,active,Live contracted,ongoing,open_for_withdrawal,28-10-2025,30-10-2025,Off,13-09-2025,13-09-2025,21-09-2026,1289550,2226,166.500556,1,1,moderation_passed,10,13-09-2025,,,30,,testing_p3,2026-03-27T06:02:34.000Z,13-09-2025,18-09-2025,04-10-2025,30-10-2025,19-11-2025,28-12-2025,13-09-2025,13-09-2025,13-09-2025,23-09-2025,17-10-2025,07-11-2025,22-11-2025,,,,,progressed,,,,,,,,,,13-09-2025,11-10-2025,28,,passed,passed,passed,,,,,,,,18-08-2026,18-08-2026,0,US,progressed,,progressed,0,0,0,,100,No,No,,,,,progressed,,,,,,,,,,18-08-2026,28-09-2026,41,US,in_progress,in_progress,in_progress,478,0,0,0.1,450,Yes,No,,,,,,,,,,,,,,,55,22,Philippines,17,P3,Pending / Ongoing,P3 S1 In Progress
f6ea1ee253b53b8124a4f7f92ae0a9ef960a044a,Regret of the Ceo,7799a32fcd6fba8c6961a7390a87dc61fa0bf0ca,Regret of the Ceo,fa54f7648fdc3565bcf9f97edb01f0602405001c,WBP,Angel,Krithika,No contest,Romance,5.0 P3 Testing Candidates,5.3 P3 S1 In Progress,in_progress,4-15d,approved,active,Live contracted,ongoing,open_for_withdrawal,09-04-2026,21-04-2026,Off,12-02-2026,12-02-2026,26-09-2026,653848,43608,79.823611,5,19,moderation_passed,10,16-02-2026,Pass,97.724,29,USA,testing_p3,,17-02-2026,15-03-2026,10-04-2026,04-05-2026,30-05-2026,15-06-2026,12-02-2026,23-02-2026,11-03-2026,30-03-2026,19-04-2026,18-05-2026,03-06-2026,11-03-2026,27-03-2026,16,US,passed,passed,passed,88,87,0.597701,0.4,30,Yes,Yes,,,,,progressed,,,,,,,,,,24-09-2026,24-09-2026,0,US,progressed,progressed,progressed,0,0,0,,100,No,No,25-05-2026,13-07-2026,49,US,passed,passed,passed,220,154,0.149351,0.16,200,Yes,No,24-09-2026,,4,US,in_progress,in_progress,in_progress,74,0,0,0.1,450,No,No,,,,,,,,,,,,,,,53,10,Nigeria,7,P3,Pending / Ongoing,P3 S1 In Progress
442d4dce8ca376c2bb4438209980daa53b761b51,Rejected and Craved,2cead50877b15df493f775273a4da4f5f8f15adc,Rejected and Craved,a50e68bf60e9f215af0928e94e8cea56eb8ac13f,WBP,,,Non-FTC,Romantasy,5.0 P3 Testing Candidates,5.3 P3 S1 In Progress,in_progress,46-90d,approved,active,Live contracted,ongoing,open_for_withdrawal,03-04-2026,13-04-2026,Off,04-07-2025,04-07-2025,21-09-2026,321136,7723,32.119167,1,5,moderation_passed,10,24-07-2025,,,0,,testing_p3,,22-07-2025,06-10-2025,01-12-2025,24-05-2026,13-07-2026,,22-07-2025,06-08-2025,06-10-2025,01-12-2025,25-05-2026,13-07-2026,,,,,,progressed,,,,,,,,,,25-10-2025,03-11-2025,9,,passed,passed,passed,,,,,,,,03-03-2026,31-05-2026,89,US,passed,passed,passed,209,192,0.479167,0.26,100,Yes,Yes,31-05-2026,25-07-2026,55,US,passed,passed,passed,215,200,0.275,0.16,200,Yes,Yes,25-07-2026,28-09-2026,65,US,in_progress,in_progress,in_progress,474,406,0.071429,0.1,450,Yes,No,,,,,,,,,,,,,,,15,10,ROW,6,P3,Pending / Ongoing,P3 S1 In Progress
a028c06a528d6bc1425340cbedd71880abd4ad2b,Rejected Luna's Secret,6a068dbe85257e3f9dab6970ce7f3d94,Rejected Luna's Secret,c00cf14ef8c21d1561badb10ba7c1e08a560d18f,FTC 3.0,Srijita Ghosh,Pragati,Non-FTC,Romantasy,5.0 P3 Testing Candidates,5.3 P3 S1 In Progress,in_progress,4-15d,approved,active,Live contracted,ongoing,open_for_withdrawal,09-09-2026,11-09-2026,On,28-07-2026,28-07-2026,27-09-2026,295442,151796,37.487222,7,28,moderation_passed,10,01-08-2026,Pass,83,29,USA,testing_p3,,28-07-2026,08-08-2026,18-08-2026,11-09-2026,,,28-07-2026,30-07-2026,07-08-2026,14-08-2026,02-09-2026,17-09-2026,,11-08-2026,25-08-2026,14,US,passed,passed,passed,49,31,0.419355,0.4,30,Yes,Yes,,,,,progressed,,,,,,,,,,25-08-2026,22-09-2026,28,US,progressed,,progressed,110,46,0.195652,0.26,100,Yes,No,,,,,progressed,,,,,,,,,,22-09-2026,28-09-2026,6,US,in_progress,in_progress,in_progress,377,0,0,0.1,450,No,No,,,,,,,,,,,,,,,6,5,Nigeria,5,P3,Pending / Ongoing,P3 S1 In Progress
3c57dd9bd6f929bdb36d8716aa9f261a72778e24,Resurrected as a Secret Billionaire Liam Carson,a134451e670e6f72d4d3a56c9691a39f4fde7370,Resurrected as a Secret Billionaire Liam Carson,6b0bce14cb740c979612fbf9a36f49b543a36f9d,WBP,Manaswini,Harley,No contest,Fantasy,6.0 PPV,6.2 PPV,,90+d,approved,active,Live contracted,ongoing,open_for_withdrawal,01-07-2024,09-07-2024,On,10-04-2024,10-04-2024,26-09-2026,1518719,26995,200.587222,4,16,moderation_passed,10,17-08-2026,,,0,,ppv,,19-04-2024,16-07-2024,13-08-2024,03-10-2024,21-11-2024,11-01-2025,18-04-2024,01-05-2024,10-07-2024,29-07-2024,05-09-2024,11-10-2024,10-11-2024,,,,,progressed,,,,,,,,,,,,,,progressed,,,,,,,,,,,,,,progressed,,,,,,,,,,08-04-2025,08-04-2025,0,,progressed,paused,paused,,,,,,,,,,,,progressed,,,,,,,,,,08-04-2025,25-05-2025,47,,passed,passed,passed,,,,,,,,2,2,Nigeria,2,PPV,Currently PPV,
fe218223c3cbc0377d2bb07ad68251723f1b3792,Return of the Gamer God,f6a0228dc85ac8129f1e85cdefa87352d7010d1c,Return of the Gamer God,9d0ab502c830c6ff58f99048e4c2df1d9cd09d94,WBP,Abhilash,Sumana,No contest,System and Superpower,5.0 P3 Testing Candidates,5.8 P3 S2 In Progress,in_progress,31-45d,approved,active,Live contracted,ongoing,open_for_withdrawal,30-03-2026,03-04-2026,On,01-03-2026,01-03-2026,25-09-2026,284641,26321,40.736111,3,19,moderation_passed,10,01-03-2026,Pass,77,0,USA,testing_p3,,01-03-2026,27-03-2026,25-04-2026,01-07-2026,,,01-03-2026,04-03-2026,19-03-2026,09-04-2026,19-05-2026,11-07-2026,18-09-2026,02-04-2026,13-04-2026,11,US,progressed,,,0,0,0,,30,No,No,,,,,progressed,,,,,,,,,,,,,,progressed,,,,,,,,,,,,,,progressed,,,,,,,,,,18-08-2026,,41,US,in_progress,in_progress,in_progress,1703,0,0,0.1,2000,No,No,18-08-2026,,41,US,in_progress,in_progress,in_progress,1666,0,0,0.059,2000,No,No,5,5,India,2,P3,Pending / Ongoing,P3 S2 In Progress
95cfee76565a1eb0481e08f4f0da75fa4a0cdb74,Revenge Called Athena,a8c2f1555f33bc11e1f6fc022c10c81ea8e6288d,Revenge Called Athena,253240d88d07e631948fd7ca66c9952f17e26009,WBP,Krithika,Krithika,No contest,Drama,6.0 PPV,6.1 P3 Passed - Action Awaited,,16-30d,approved,active,Live contracted,ongoing,open_for_withdrawal,29-03-2026,17-04-2026,On,29-01-2026,29-01-2026,26-09-2026,676475,89470,73.7375,6,22,moderation_passed,10,03-02-2026,Pass,79.376,0,USA,testing_p3,,02-02-2026,12-02-2026,24-02-2026,07-04-2026,28-05-2026,28-06-2026,01-02-2026,06-02-2026,11-02-2026,21-02-2026,31-03-2026,12-05-2026,15-06-2026,14-02-2026,02-03-2026,16,,passed,passed,passed,41,37,0.621622,0.4,30,Yes,Yes,02-03-2026,17-03-2026,15,,passed,passed,passed,81,81,0.567901,0.4,70,Yes,Yes,07-09-2026,07-09-2026,0,US,progressed,progressed,progressed,0,0,0,,100,No,No,20-04-2026,07-06-2026,48,ROW,passed,passed,passed,342,208,0.177885,0.100724,200,Yes,Yes,07-09-2026,,21,US,in_progress,in_progress,in_progress,383,0,0,0.1,450,No,No,14-08-2026,07-09-2026,24,US,passed,passed,passed,531,531,0.156309,0.059,450,Yes,Yes,4,2,Nigeria,2,P3,Progressed from P3,Recorded Pass
e5b71f4b40481cb15ce33532df56be566352534e,Rewind and Rise,91a6a9276efca76a030a55f4ff459fa7,Rewind and Rise,3c1e1b7da385549221087778205d3242a57e6657,WBP - Filtered,Asif,Krithika,Non-FTC,Romantasy,5.0 P3 Testing Candidates,5.3 P3 S1 In Progress,in_progress,16-30d,approved,active,Live contracted,ongoing,open_for_withdrawal,18-06-2026,01-07-2026,On,20-05-2026,20-05-2026,27-09-2026,300672,54841,34.622778,7,30,moderation_passed,10,20-05-2026,Pass,84,30,USA,testing_p3,,20-05-2026,27-05-2026,18-06-2026,02-08-2026,27-09-2026,,20-05-2026,20-05-2026,24-05-2026,11-06-2026,15-07-2026,03-09-2026,,30-05-2026,14-06-2026,15,US,passed,passed,passed,33,32,0.59375,0.4,30,Yes,Yes,14-06-2026,28-06-2026,14,US,passed,passed,passed,80,79,0.594937,0.4,70,Yes,Yes,28-06-2026,07-09-2026,71,US,progressed,,progressed,102,95,0.357895,0.26,100,Yes,No,,,,,progressed,,,,,,,,,,07-09-2026,28-09-2026,21,US,in_progress,in_progress,in_progress,111,0,0,0.1,450,No,No,,,,,,,,,,,,,,,44,31,ROW,27,P3,Pending / Ongoing,P3 S1 In Progress
c6590012d529ed8d9e5750565fe5d91ddd1144d5,Rise of Charles Atticus,fb4ae2ab311d625f5b3566a2dd3b52e0,Rise of Charles Atticus,bcf994f301ae8ef582824ea869dd50f81056d83f,WBP,Souradeep,Divyansh,No contest,Fantasy,5.0 P3 Testing Candidates,5.3 P3 S1 In Progress,in_progress,4-15d,approved,active,Live contracted,ongoing,open_for_withdrawal,10-07-2026,22-07-2026,On,13-05-2026,13-05-2026,27-09-2026,348769,169606,40.882222,7,26,moderation_passed,10,14-05-2026,Pass,83,4,USA,testing_p3,,14-05-2026,25-06-2026,01-08-2026,31-08-2026,21-09-2026,,13-05-2026,18-05-2026,15-06-2026,27-07-2026,26-08-2026,13-09-2026,27-09-2026,27-06-2026,10-07-2026,13,US,passed,passed,passed,95,78,0.615385,0.4,30,Yes,Yes,10-07-2026,11-07-2026,1,US,passed,passed,passed,95,95,0.6,0.4,70,Yes,Yes,28-07-2026,03-09-2026,37,US,passed,passed,passed,111,101,0.425743,0.26,100,Yes,Yes,03-09-2026,17-09-2026,14,US,progressed,,progressed,90,0,0,0.16,200,No,No,17-09-2026,28-09-2026,11,US,in_progress,in_progress,in_progress,491,0,0,0.1,450,Yes,No,,,,,,,,,,,,,,,9,9,Nigeria,7,P3,Pending / Ongoing,P3 S1 In Progress
fcddd3d14a0e1b1dab1bcb5c11d4aec683fdb598,Rise of Drake Callahan,2afa0250f4db69e51ccc7c51f09bb4ee3afe7f1d,Rise of Drake Callahan,439127885329448b740aa72017941e6bf028937e,WBP - Filtered,Malini,Anisha,Non-FTC,Drama,5.0 P3 Testing Candidates,5.3 P3 S1 In Progress,in_progress,31-45d,approved,active,Live contracted,ongoing,open_for_withdrawal,01-06-2026,02-06-2026,On,19-12-2024,19-12-2024,27-09-2026,350491,77839,39.004444,7,28,moderation_passed,10,05-08-2026,Pass,87,20,USA,testing_p3,,21-12-2024,01-04-2026,19-06-2026,12-08-2026,11-09-2026,,21-12-2024,01-02-2025,27-03-2026,16-06-2026,02-08-2026,29-08-2026,,05-04-2026,04-05-2026,29,US,passed,passed,passed,43,34,0.764706,0.4,30,Yes,Yes,04-05-2026,20-05-2026,16,US,passed,passed,passed,80,77,0.597403,0.4,70,Yes,Yes,19-06-2026,31-07-2026,42,US,passed,passed,passed,104,102,0.352941,0.26,100,Yes,Yes,31-07-2026,28-08-2026,28,US,progressed,,progressed,203,4,0,0.16,200,Yes,No,28-08-2026,28-09-2026,31,US,in_progress,in_progress,in_progress,481,0,0,0.1,450,Yes,No,,,,,,,,,,,,,,,40,6,Nigeria,6,P3,Pending / Ongoing,P3 S1 In Progress
9eb4932b6e7663416bee5ea2d2dd1b2ced5727be,Rise of the God Mage,3ec60216795e63b97991ebc587397bff,Rise of the God Mage,46b84414b4a9cb7aeb275ee40ae99e8988cffa8d,WBP - Filtered,Priyanshi,Anisha,FTC,Fantasy,5.0 P3 Testing Candidates,5.3 P3 S1 In Progress,in_progress,16-30d,approved,active,Live contracted,ongoing,open_for_withdrawal,09-07-2026,16-07-2026,On,08-04-2026,08-04-2026,27-09-2026,302434,76306,37.494444,7,25,moderation_passed,10,08-04-2026,Pass,83,19,USA,testing_p3,,11-04-2026,20-06-2026,08-07-2026,19-08-2026,27-09-2026,,08-04-2026,04-05-2026,13-06-2026,29-06-2026,21-07-2026,06-09-2026,,22-06-2026,04-07-2026,12,US,passed,passed,passed,87,30,0.566667,0.4,30,Yes,Yes,04-07-2026,05-07-2026,1,US,passed,passed,passed,87,79,0.607595,0.4,70,Yes,Yes,05-07-2026,06-08-2026,32,US,passed,passed,passed,114,109,0.431193,0.26,100,Yes,Yes,06-08-2026,07-09-2026,32,US,progressed,,progressed,196,12,0.166667,0.16,200,No,No,07-09-2026,28-09-2026,21,US,in_progress,in_progress,in_progress,505,0,0,0.1,450,Yes,No,,,,,,,,,,,,,,,20,11,Nigeria,8,P3,Pending / Ongoing,P3 S1 In Progress
b164057dc6b8df1ba1289d383220147f237b7dfa,Rush Marriage,05927a58e0d453ac9d08e7a200db0bb26401f480,Rush Marriage,5f2159c2f3e22585c1f08e601de7cb6f34e71eca,WBP,Angel,Krithika,Non-FTC,Romance,5.0 P3 Testing Candidates,5.3 P3 S1 In Progress,in_progress,31-45d,approved,active,Live contracted,ongoing,open_for_withdrawal,15-01-2026,12-03-2026,Off,09-09-2025,09-09-2025,22-09-2026,2121545,294499,270.691389,2,17,moderation_passed,10,10-09-2025,,,15,,testing_p3,2026-07-20T06:05:41.000Z,10-09-2025,19-09-2025,10-10-2025,28-11-2025,16-12-2025,19-12-2025,10-09-2025,10-09-2025,13-09-2025,28-09-2025,23-11-2025,09-12-2025,15-12-2025,,,,,progressed,,,,,,,,,,03-11-2025,22-12-2025,49,,passed,passed,passed,,,,,,,,18-08-2026,18-08-2026,0,US,progressed,progressed,progressed,0,0,0,,100,No,No,22-12-2025,20-04-2026,119,ROW,failed,failed,failed,254,223,0.058296,0.100724,200,Yes,Yes,18-08-2026,28-09-2026,41,US,in_progress,in_progress,in_progress,514,0,0,0.1,450,Yes,No,,,,,,,,,,,,,,,18,10,Philippines,10,P3,Pending / Ongoing,P3 S1 In Progress
b6ceacf9ec08a19cb30826c8277260c2339da0b3,Ruthless Betrayal,0a09f7ee59b8631f3abcc1aa1f9dee59da08c43b,Ruthless Betrayal,3832cecdc7648ea9869de3822b571bcb80220dc0,WBP,Priyanshi,Anisha,No contest,Romance,5.0 P3 Testing Candidates,5.3 P3 S1 In Progress,in_progress,31-45d,approved,active,Completed,completion,open_for_withdrawal,25-05-2025,27-05-2025,Off,24-01-2025,24-01-2025,29-06-2025,366039,0,32.185278,0,0,moderation_passed,10,,,,0,,testing_p3,2026-02-23T07:26:28.000Z,24-01-2025,30-01-2025,16-02-2025,02-04-2025,27-05-2025,,24-01-2025,26-01-2025,31-01-2025,23-02-2025,18-04-2025,16-06-2025,,,,,,progressed,,,,,,,,,,27-01-2025,14-06-2025,138,,passed,passed,passed,,,,,,,,28-08-2026,28-08-2026,0,US,progressed,progressed,progressed,0,0,0,,100,No,No,,,,,progressed,,,,,,,,,,28-08-2026,28-09-2026,31,US,in_progress,in_progress,in_progress,65,0,0,0.1,450,No,No,,,,,,,,,,,,,,,7,6,Nigeria,6,P3,Pending / Ongoing,P3 S1 In Progress
43de49339ed40a2c4d8acef5644870ce292f541e,Second Chances: Reborn to Be a CEO’s Wife,0d66adf3b4c56ed076460b4bf702f9b40ac53826,Second Chances: Reborn to Be a CEO’s Wife,53a0d8cec6a3c39f32c167a54187e92e7f663d60,WBP,Chitra,Akash,Non-FTC,Romance,5.0 P3 Testing Candidates,5.4 P3 S1 Paused,paused,31-45d,approved,active,Live contracted,ongoing,open_for_withdrawal,12-12-2023,04-01-2024,Off,05-12-2023,05-12-2023,17-06-2024,317742,0,30.005556,0,0,moderation_passed,10,09-12-2025,,,0,,testing_p3,2026-01-19T08:19:56.000Z,05-12-2023,05-12-2023,02-01-2024,11-03-2024,01-05-2024,,05-12-2023,05-12-2023,05-12-2023,06-01-2024,20-03-2024,17-06-2024,,08-12-2025,19-01-2026,42,,failed,failed,failed,57,39,0.333333,0.4,30,Yes,Yes,,,,,progressed,,,,,,,,,,28-08-2026,28-08-2026,0,US,progressed,,progressed,0,0,0,,100,No,No,,,,,progressed,,,,,,,,,,28-08-2026,,,US,paused,paused,paused,0,0,0,,450,No,No,,,,,,,,,,,,,,,14,5,ROW,5,P3,Pending / Ongoing,P3 S1 Paused
a20d15b2c087672afecf4c46baa7e9368a4cbb9f,Secrets and Bloodline,2b8bbd880b077fd4cd4becfcc8726758d90292a6,Secrets and Bloodline,99acdf7202e7e71ff18f5d1572aeb2df39ef9dba,WBP,Bala,Akash,Non-FTC,Romance,5.0 P3 Testing Candidates,5.3 P3 S1 In Progress,in_progress,31-45d,approved,active,Live contracted,ongoing,open_for_withdrawal,09-06-2025,13-06-2025,Off,22-04-2025,22-04-2025,18-02-2026,317447,0,33.187222,0,0,moderation_passed,10,12-01-2026,,,3,,testing_p3,2025-06-30T07:28:10.000Z,23-04-2025,12-05-2025,18-06-2025,28-07-2025,04-02-2026,,23-04-2025,01-05-2025,10-05-2025,16-06-2025,24-07-2025,27-01-2026,,,,,,progressed,,,,,,,,,,25-04-2025,27-05-2025,32,,passed,passed,passed,,,,,,,,28-08-2026,28-08-2026,0,US,progressed,,progressed,0,0,0,,100,No,No,,,,,progressed,,,,,,,,,,28-08-2026,28-09-2026,31,US,in_progress,in_progress,in_progress,67,0,0,0.1,450,No,No,,,,,,,,,,,,,,,6,4,Nigeria,4,P3,Pending / Ongoing,P3 S1 In Progress
46b27558432dbda1475a912729ae1e1dee8ac6fa,Secrets of Thunder Eyes,a5634c52e412e5ebeece63783f5aabc002dad781,Secrets of Thunder Eyes,b2ab015b3e5b7bc4c891b75d419db9b2da4f1bf0,WBP,Arnav,Divyansh,Non-FTC,Fantasy,5.0 P3 Testing Candidates,5.3 P3 S1 In Progress,in_progress,31-45d,approved,active,Live contracted,ongoing,open_for_withdrawal,31-12-2024,08-01-2025,Off,17-11-2024,17-11-2024,23-09-2026,1027454,18707,110.435556,2,12,moderation_pending_or_missing,1,,,,24,,testing_p3,2025-03-07T16:15:14.000Z,17-11-2024,21-11-2024,21-11-2024,25-11-2024,28-11-2024,11-12-2024,17-11-2024,17-11-2024,21-11-2024,21-11-2024,25-11-2024,28-11-2024,11-12-2024,,,,,progressed,,,,,,,,,,06-12-2024,14-12-2024,8,,passed,passed,passed,,,,,,,,28-08-2026,28-08-2026,0,US,progressed,,progressed,0,0,0,,100,No,No,,,,,progressed,,,,,,,,,,28-08-2026,28-09-2026,31,US,in_progress,in_progress,in_progress,259,0,0,0.1,450,No,No,,,,,,,,,,,,,,,16,2,Nigeria,2,P3,Pending / Ongoing,P3 S1 In Progress
4bb85319b3dd3ab4ec654bdd13098e3f37cb3e3b,Shadowed Wealth,40fc02572278398925cfc37e6e8d04a2b10764c4,Shadowed Wealth,3606ba02c86d3b86f957b43d8fa2e5e581f0d054,WBP,Souradeep,Divyansh,Non-FTC,System and Superpower,5.0 P3 Testing Candidates,5.4 P3 S1 Paused,paused,16-30d,approved,active,Live contracted,ongoing,open_for_withdrawal,22-08-2024,23-08-2024,Off,28-07-2024,30-07-2024,27-04-2025,337163,0,32.951944,0,0,moderation_failed,0,,,,0,,testing_p3,2025-04-23T06:04:44.000Z,01-08-2024,21-08-2024,12-09-2024,28-10-2024,08-12-2024,,01-08-2024,05-08-2024,21-08-2024,14-09-2024,31-10-2024,11-12-2024,,,,,,progressed,,,,,,,,,,,,,,progressed,,,,,,,,,,11-09-2026,11-09-2026,0,US,progressed,,progressed,0,0,0,,100,No,No,,,,,progressed,,,,,,,,,,11-09-2026,12-09-2026,1,US,paused,paused,paused,1,0,0,0.1,450,No,No,,,,,,,,,,,,,,,3,2,Nigeria,2,P3,Pending / Ongoing,P3 S1 Paused
616431aa030a50bfb34a59a1919f5a8db0c29017,She Came Back Fabulous,778f195bc6b101a0be7ddec5d260b1283182b8ce,She Came Back Fabulous,bcd65629816f995fe35ffc9d9994b0bed826b012,WBP,Sanskar,Aakash,No contest,Romance,5.0 P3 Testing Candidates,5.3 P3 S1 In Progress,in_progress,31-45d,approved,active,Live contracted,ongoing,open_for_withdrawal,14-06-2026,23-06-2026,On,21-10-2025,21-10-2025,31-08-2026,402709,120563,49.119444,0,1,moderation_passed,10,21-10-2025,,,9,,testing_p3,,21-10-2025,21-10-2025,24-06-2026,31-07-2026,31-08-2026,31-08-2026,21-10-2025,21-10-2025,21-10-2025,24-06-2026,25-06-2026,31-07-2026,31-08-2026,,,,,progressed,,,,,,,,,,03-11-2025,20-02-2026,109,US,passed,passed,passed,,,,,,,,25-06-2026,10-08-2026,46,US,passed,passed,passed,109,108,0.333333,0.26,100,Yes,Yes,10-08-2026,28-08-2026,18,US,progressed,,progressed,218,67,0.313433,0.16,200,Yes,No,28-08-2026,28-09-2026,31,US,in_progress,in_progress,in_progress,408,0,0,0.1,450,No,No,,,,,,,,,,,,,,,116,19,Nigeria,19,P3,Pending / Ongoing,P3 S1 In Progress
06f83c7bf7296efe61da1c2da6e5c12e8e7d4aa8,Sigil of the Seven,e2a57332887ad742ecf8d0d6f8c2ca78a4a9e3b9,Sigil of the Seven,2c9a72395c785a23fc2729c6f163d84548407b4e,WBP,Manaswini,Harley,Non-FTC,Fantasy,6.0 PPV,6.2 PPV,,90+d,approved,active,Live contracted,ongoing,open_for_withdrawal,08-11-2025,13-11-2025,On,14-08-2025,15-08-2025,26-09-2026,1112802,104623,163.8325,6,28,moderation_passed,10,15-09-2025,,,0,,ppv,,15-08-2025,30-09-2025,14-10-2025,24-11-2025,30-12-2025,02-03-2026,14-08-2025,23-08-2025,19-09-2025,07-10-2025,08-11-2025,24-11-2025,12-12-2025,,,,,progressed,,,,,,,,,,15-09-2025,25-10-2025,40,,passed,passed,passed,,,,,,,,,,,,progressed,,,,,,,,,,03-11-2025,11-03-2026,128,,passed,passed,passed,,,,,,,,11-03-2026,27-04-2026,47,US,passed,passed,passed,613,495,0.19798,0.1,450,Yes,Yes,27-04-2026,30-04-2026,3,US,progressed,,progressed,613,0,0,0.059,450,Yes,No,8,3,ROW,1,PPV,Currently PPV,
248aae390e84177edc04ecc06fac6c17aed375ff,Silver Onyx: Dragonbound,ea4e95d4e462b6c2e14f69b9d8c0840e,Silver Onyx: Dragonbound,0b4783b8aea5cd62edac2ee1806583484ee847ee,WBP,Nihar,Sumana,Non-FTC,Romantasy,5.0 P3 Testing Candidates,5.8 P3 S2 In Progress,in_progress,90+d,approved,active,Live contracted,ongoing,open_for_withdrawal,18-05-2026,25-05-2026,On,30-04-2026,30-04-2026,21-09-2026,226547,13117,24.524167,1,6,moderation_passed,10,04-05-2026,Pass,80,0,USA,testing_p3,,04-05-2026,28-05-2026,26-06-2026,16-08-2026,,,04-05-2026,10-05-2026,27-05-2026,22-06-2026,07-08-2026,,,,,,,progressed,,,,,,,,,,,,,,progressed,,,,,,,,,,,,,,progressed,,,,,,,,,,,,,,progressed,,,,,,,,,,16-09-2026,28-09-2026,12,US,progressed,in_progress,in_progress,2078,0,0,0.1,2000,Yes,No,29-05-2026,16-09-2026,110,US,in_progress,in_progress,in_progress,2077,0,0,0.059,2000,Yes,No,6,3,India,1,P3,Pending / Ongoing,P3 S2 In Progress
66e5597d741c6d87c2bc8e35ec83065242c0e34d,Sky Lord,5d86edc7c8e86eea7dae0f6446154a0e,Sky Lord,03f62334534b539c6a6b033b424f8ceb0674d90b,WBP - Filtered,Aakash,Aakash,FTC,Fantasy,5.0 P3 Testing Candidates,5.3 P3 S1 In Progress,in_progress,31-45d,approved,active,Live contracted,ongoing,open_for_withdrawal,05-06-2026,10-06-2026,On,22-05-2026,22-05-2026,27-09-2026,365840,100073,42.7675,7,30,moderation_passed,10,22-05-2026,Pass,77,29,ROW,testing_p3,,22-05-2026,14-06-2026,29-06-2026,06-08-2026,13-09-2026,,22-05-2026,27-05-2026,10-06-2026,24-06-2026,28-07-2026,25-08-2026,24-09-2026,15-06-2026,28-06-2026,13,ROW,passed,passed,passed,59,50,0.46,0.170894,30,Yes,Yes,28-06-2026,09-07-2026,11,ROW,progressed,,progressed,87,35,0.6,0.170894,70,Yes,No,09-07-2026,18-08-2026,40,US,passed,passed,passed,114,101,0.287129,0.26,100,Yes,Yes,18-08-2026,28-08-2026,10,US,progressed,,progressed,200,0,0,0.16,200,Yes,No,28-08-2026,28-09-2026,31,US,in_progress,in_progress,in_progress,489,0,0,0.1,450,Yes,No,,,,,,,,,,,,,,,15,10,India,10,P3,Pending / Ongoing,P3 S1 In Progress
da5271db73c1f23560f26da633ebffb91df9abd6,Sold to the Alpha King,dd22bf9451b873643d0df9cf7665f17d,Sold to the Alpha King,ee18661521686f30cf06767d61ed9b42d48f5f67,FTC 2.0,Bala,Aakash,FTC,Romance,5.0 P3 Testing Candidates,5.3 P3 S1 In Progress,in_progress,16-30d,approved,active,Live contracted,ongoing,open_for_withdrawal,05-06-2026,10-06-2026,On,22-05-2026,22-05-2026,27-09-2026,278676,62182,35.644722,7,28,moderation_passed,10,22-05-2026,Pass,73,0,ROW,testing_p3,2026-08-18T06:18:25.000Z,22-05-2026,12-06-2026,03-07-2026,20-08-2026,,,22-05-2026,27-05-2026,09-06-2026,20-06-2026,24-07-2026,06-09-2026,,15-06-2026,28-06-2026,13,ROW,failed,failed,failed,240,107,0.140187,0.170894,30,Yes,Yes,,,,,progressed,,,,,,,,,,11-09-2026,11-09-2026,0,US,progressed,progressed,progressed,0,0,0,,100,No,No,,,,,progressed,,,,,,,,,,11-09-2026,28-09-2026,17,US,in_progress,in_progress,in_progress,188,0,0,0.1,450,No,No,,,,,,,,,,,,,,,10,6,Nigeria,5,P3,Pending / Ongoing,P3 S1 In Progress
6e9cd8b5ce597e73f12a6a180c18888a89f8aac3,Sovereign Retribution,cf4ae042da2b97f58d27314c4ef369945cf088b7,Sovereign Retribution,49803abd707a3c4213ce294ecaa02a4d1b4a3d05,WBP,Chitra,Akash,Non-FTC,Drama,5.0 P3 Testing Candidates,5.8 P3 S2 In Progress,in_progress,31-45d,approved,active,Live contracted,ongoing,open_for_withdrawal,08-01-2026,23-01-2026,Off,03-11-2025,03-11-2025,27-09-2026,689930,32743,77.865556,7,29,moderation_passed,10,08-11-2025,,,30,,testing_p3,2026-02-17T06:21:05.000Z,08-11-2025,28-11-2025,24-12-2025,13-02-2026,18-04-2026,20-05-2026,08-11-2025,12-11-2025,26-11-2025,19-12-2025,05-02-2026,01-04-2026,08-05-2026,,,,,progressed,,,,,,,,,,28-11-2025,08-01-2026,41,,passed,passed,passed,,,,,,,,19-08-2026,19-08-2026,0,US,progressed,progressed,progressed,0,0,0,,100,No,No,05-04-2026,30-04-2026,25,US,progressed,,progressed,227,144,0.319444,0.16,200,Yes,No,19-08-2026,19-08-2026,0,US,progressed,progressed,progressed,0,0,0,,450,No,No,19-08-2026,,40,US,in_progress,in_progress,in_progress,0,0,0,,450,No,No,10,8,Nigeria,4,P3,Pending / Ongoing,P3 S2 In Progress
97d2593a35303e42da5da630e9d8848fa086fc93,Spying on My Rebel Alpha,dc5508f39ac7c789f87cf223f6c5139d,Spying on My Rebel Alpha,c3f20727a5e11010647924a78e6e517fd43a7ce6,WBP,Nihar,Sumana,No contest,Romantasy,5.0 P3 Testing Candidates,5.8 P3 S2 In Progress,in_progress,90+d,approved,active,Live contracted,ongoing,open_for_withdrawal,18-05-2026,25-05-2026,On,04-05-2026,04-05-2026,17-09-2026,309833,14495,37.188056,0,9,moderation_passed,10,04-05-2026,Pass,73,0,ROW,testing_p3,,04-05-2026,18-05-2026,31-05-2026,05-07-2026,03-09-2026,,04-05-2026,08-05-2026,15-05-2026,27-05-2026,23-06-2026,23-07-2026,,,,,,progressed,,,,,,,,,,,,,,progressed,,,,,,,,,,,,,,progressed,,,,,,,,,,,,,,progressed,,,,,,,,,,16-09-2026,28-09-2026,12,US,progressed,in_progress,in_progress,2020,1885,0.070557,0.1,2000,Yes,No,20-05-2026,16-09-2026,119,US,in_progress,in_progress,in_progress,2020,0,0,0.059,2000,Yes,No,2,2,India,2,P3,Pending / Ongoing,P3 S2 In Progress
4a310051c4c56c2fab46c3a7f528a09901399ecd,Strongest Warlock,ffb97d02d9da2332ee80a8d30b696eee096d511a,Strongest Warlock,826c577fe92b0d323f76551e7da6147df7afad3f,WBP,Abhilash,Sumana,Non-FTC,Fantasy,6.0 PPV,6.2 PPV,,90+d,approved,active,Live contracted,ongoing,open_for_withdrawal,07-11-2024,03-12-2024,Off,06-10-2024,06-10-2024,19-04-2025,1446831,0,156.268889,0,0,moderation_passed,10,21-10-2024,,,0,,ppv,2025-03-07T16:15:31.000Z,06-10-2024,06-10-2024,22-10-2024,11-11-2024,12-11-2024,13-11-2024,05-10-2024,05-10-2024,05-10-2024,08-10-2024,11-11-2024,11-11-2024,13-11-2024,,,,,progressed,,,,,,,,,,,,,,progressed,,,,,,,,,,,,,,progressed,,,,,,,,,,06-12-2024,24-01-2025,49,,failed,failed,failed,,,,,,,,,,,,progressed,,,,,,,,,,07-03-2025,18-04-2025,42,,passed,passed,passed,,,,,,,,1,1,Philippines,1,PPV,Currently PPV,
44c616c59b6b2cd7fcb80263ece968b250ad9dbe,Supreme Miracle Doctor,e206a4cc35b410080cbb3e7487ec3496,Supreme Miracle Doctor,d6213d1ab0728cb2533ce4e9dcc5fe210874eccc,WBP - Filtered,Malini,Anisha,No contest,Drama,5.0 P3 Testing Candidates,5.3 P3 S1 In Progress,in_progress,16-30d,approved,active,Live contracted,ongoing,open_for_withdrawal,14-08-2026,20-08-2026,On,02-07-2026,02-07-2026,27-09-2026,544001,227173,60.058333,7,30,moderation_passed,10,02-07-2026,Pass,83,30,USA,testing_p3,,02-07-2026,02-07-2026,05-07-2026,09-07-2026,26-08-2026,04-09-2026,02-07-2026,02-07-2026,02-07-2026,04-07-2026,08-07-2026,20-08-2026,30-08-2026,04-07-2026,17-07-2026,13,US,passed,passed,passed,59,49,0.571429,0.4,30,Yes,Yes,17-07-2026,28-07-2026,11,US,progressed,,progressed,71,59,0.59322,0.4,70,Yes,No,28-07-2026,01-09-2026,35,US,progressed,,progressed,116,31,0.322581,0.26,100,Yes,No,,,,,progressed,,,,,,,,,,01-09-2026,28-09-2026,27,US,in_progress,in_progress,in_progress,285,0,0,0.1,450,No,No,,,,,,,,,,,,,,,148,86,Nigeria,85,P3,Pending / Ongoing,P3 S1 In Progress
69e2eb3772b49e749fed57ae96a86147dde154cb,The Alpha She Chose,3a051ca4001be5b386a1070d2bd0bf7d2a26e424,The Alpha She Chose,e3bf6e787c5976494a3f538cef0fcd125f0e38b0,WBP,Apoorva,Cortney,Non-FTC,Romantasy,6.0 PPV,6.2 PPV,,16-30d,approved,active,Live contracted,ongoing,open_for_withdrawal,30-03-2026,13-04-2026,On,01-01-2026,01-01-2026,27-09-2026,647047,94268,83.908333,7,24,moderation_passed,10,17-02-2026,Pass,70.542,19,USA,ppv,,16-02-2026,12-03-2026,14-04-2026,07-05-2026,12-06-2026,13-07-2026,15-02-2026,07-03-2026,12-03-2026,03-04-2026,29-04-2026,19-05-2026,14-06-2026,13-03-2026,30-03-2026,17,US,passed,passed,passed,98,65,0.738462,0.4,30,Yes,Yes,,,,,progressed,,,,,,,,,,09-04-2026,01-06-2026,53,US,passed,passed,passed,106,100,0.39,0.26,100,Yes,Yes,01-06-2026,22-06-2026,21,US,progressed,,progressed,207,67,0.328358,0.16,200,Yes,No,22-06-2026,01-09-2026,71,US,passed,passed,passed,508,476,0.235294,0.1,450,Yes,Yes,01-09-2026,03-09-2026,2,US,progressed,,progressed,508,408,0.213235,0.059,450,Yes,No,8,3,Nigeria,2,PPV,Currently PPV,
424b450dc35cc4bf4fc088069830e978aa97884a,The Alpha's Witch,0ed6a14150ba62a00db13c94f09c4627,The Alpha's Witch,30a5933cab76bd8461a67ddf802241bbaffb965e,FTC 1.0,Ankita,Cortney,FTC,Romantasy,5.0 P3 Testing Candidates,5.3 P3 S1 In Progress,in_progress,46-90d,approved,active,Live contracted,ongoing,open_for_withdrawal,22-04-2026,07-05-2026,On,08-04-2026,08-04-2026,26-09-2026,689874,95222,78.653333,5,26,moderation_passed,10,08-04-2026,Fail,65,2,FAIL,testing_p3,2026-05-26T06:04:29.000Z,08-04-2026,04-05-2026,12-05-2026,03-06-2026,24-06-2026,17-07-2026,08-04-2026,23-04-2026,02-05-2026,09-05-2026,28-05-2026,16-06-2026,06-07-2026,29-05-2026,29-05-2026,0,US,progressed,progressed,progressed,0,0,0,,30,No,No,,,,,progressed,,,,,,,,,,29-05-2026,08-07-2026,40,US,passed,passed,passed,115,111,0.378378,0.26,100,Yes,Yes,08-07-2026,12-08-2026,35,US,progressed,,progressed,210,114,0.210526,0.16,200,Yes,No,12-08-2026,28-09-2026,47,US,in_progress,in_progress,in_progress,625,279,0.143369,0.1,450,Yes,No,,,,,,,,,,,,,,,34,25,Nigeria,22,P3,Pending / Ongoing,P3 S1 In Progress
a3d40a3745a853e245e802a317e3934318836a28,The Amazing Idiot Man,b91b8db21d1f4bd2e173af0574958624,The Amazing Idiot Man,d6213d1ab0728cb2533ce4e9dcc5fe210874eccc,FTC 3.0,Tejaswini,Cortney,No contest,Drama,5.0 P3 Testing Candidates,5.3 P3 S1 In Progress,in_progress,31-45d,approved,active,Live contracted,ongoing,open_for_withdrawal,09-09-2026,09-09-2026,On,19-05-2026,19-05-2026,27-09-2026,349002,42618,34.873611,7,29,moderation_passed,10,20-05-2026,Pass,78,30,ROW,testing_p3,,20-05-2026,20-05-2026,20-05-2026,21-05-2026,24-08-2026,,20-05-2026,20-05-2026,20-05-2026,20-05-2026,21-05-2026,23-08-2026,,22-05-2026,04-06-2026,13,ROW,passed,passed,passed,103,69,0.275362,0.265319,30,Yes,Yes,04-06-2026,05-06-2026,1,ROW,passed,passed,passed,103,99,0.313131,0.265319,70,Yes,Yes,05-06-2026,29-06-2026,24,ROW,passed,passed,passed,419,210,0.190476,0.077458,100,Yes,Yes,29-06-2026,18-08-2026,50,ROW,passed,passed,passed,280,252,0.194444,0.010416,200,Yes,Yes,18-08-2026,28-09-2026,41,US,in_progress,in_progress,in_progress,555,0,0,0.1,450,Yes,No,,,,,,,,,,,,,,,148,59,Nigeria,58,P3,Pending / Ongoing,P3 S1 In Progress
fce8fe866ed4c3d213e087a4343996d06bb09af7,The Anderson Rebirth,040918afb55ca732fd2c9458bdc20e979d5cbc0d,The Anderson Rebirth,439127885329448b740aa72017941e6bf028937e,WBP,Krithika,Krithika,No contest,System and Superpower,6.0 PPV,6.1 P3 Passed - Action Awaited,,0-3d,approved,active,Live contracted,ongoing,open_for_withdrawal,17-03-2026,31-03-2026,Off,25-01-2026,25-01-2026,25-09-2026,495308,24146,56.626111,4,12,moderation_passed,10,25-01-2026,Pass,86.282,28,USA,action_needed_p3_passed,,26-01-2026,09-02-2026,30-03-2026,22-04-2026,25-05-2026,27-06-2026,25-01-2026,27-01-2026,07-02-2026,20-03-2026,18-04-2026,23-05-2026,25-06-2026,07-02-2026,28-02-2026,21,,passed,passed,passed,33,32,0.46875,0.4,30,Yes,Yes,28-02-2026,17-03-2026,17,,passed,passed,passed,107,70,0.557143,0.4,70,Yes,Yes,26-03-2026,05-05-2026,40,US,passed,passed,passed,105,104,0.355769,0.26,100,Yes,Yes,05-05-2026,05-07-2026,61,US,passed,passed,passed,220,203,0.246305,0.16,200,Yes,Yes,05-07-2026,12-09-2026,69,US,passed,passed,passed,518,458,0.146288,0.1,450,Yes,Yes,12-09-2026,28-09-2026,16,US,passed,passed,passed,518,517,0.075435,0.059,450,Yes,Yes,40,14,Nigeria,12,PPV Action Awaited,,
e83bb9290a73242b13db9a4453b23f1b0ca9fed0,The Baby He Denied,571c018eb34d38744378bd6a74f24134d7514533,The Baby He Denied,3899082319fc06fe7d5be8b6d6471b2b7ff4b215,WBP,Angel,Krithika,Non-FTC,Romance,6.0 PPV,6.1 P3 Passed - Action Awaited,,31-45d,approved,active,Live contracted,ongoing,open_for_withdrawal,31-12-2025,09-01-2026,On,14-10-2025,14-10-2025,27-09-2026,832685,105507,94.473611,7,25,moderation_passed,10,17-11-2025,,,28,,testing_p3,,10-11-2025,14-12-2025,08-01-2026,16-03-2026,25-05-2026,30-06-2026,10-11-2025,12-11-2025,11-12-2025,01-01-2026,20-02-2026,12-05-2026,16-06-2026,,,,,progressed,,,,,,,,,,15-12-2025,,,,passed,passed,passed,0,0,0,,70,No,No,24-08-2026,24-08-2026,0,US,progressed,progressed,progressed,0,0,0,,100,No,No,02-03-2026,20-04-2026,49,US,passed,passed,passed,376,200,0.29,0.16,200,Yes,Yes,24-08-2026,,35,US,in_progress,in_progress,in_progress,485,0,0,0.1,450,Yes,No,11-06-2026,24-08-2026,74,US,passed,passed,passed,587,587,0.13799,0.059,450,Yes,Yes,84,41,USA,32,P3,Progressed from P3,Recorded Pass
fb311a6dd8cd59a51bf680323116bcc5d2798a8e,The Beast Tamer's Legacy,4e9edd85b6e710a42c2b2ed5b9bd578a3e495835,The Beast Tamer's Legacy,a063f58b0a8f132df2b90d6da374d2b13dc460f5,WBP,Manaswini,Harley,Non-FTC,System and Superpower,5.0 P3 Testing Candidates,5.4 P3 S1 Paused,paused,31-45d,approved,active,Live contracted,ongoing,open_for_withdrawal,21-10-2025,30-10-2025,On,19-08-2025,19-08-2025,23-12-2025,283956,0,31.8125,0,0,moderation_passed,10,11-09-2025,,,0,,testing_p3,,21-08-2025,24-09-2025,15-10-2025,29-11-2025,,,20-08-2025,23-08-2025,23-09-2025,08-10-2025,21-11-2025,19-12-2025,,,,,,progressed,,,,,,,,,,11-09-2025,06-10-2025,25,,passed,passed,passed,,,,,,,,,,,,progressed,,,,,,,,,,03-11-2025,28-08-2026,298,US,progressed,paused,paused,,,,,,,,28-08-2026,,,US,paused,paused,paused,0,0,0,,450,No,No,,,,,,,,,,,,,,,21,20,USA,15,P3,Pending / Ongoing,P3 S1 Paused
55254a77c40862bb825ededf69a85438157d664f,The Billionaire With Mask,4f7a40f91b4eaf4a319a6f21806665f17f29300c,The Billionaire With Mask,7d3a8478e0117acb4b7200cebc67b2ee39357386,WBP,Ankita,Cortney,No contest,Drama,5.0 P3 Testing Candidates,5.3 P3 S1 In Progress,pre_testing,31-45d,approved,active,Live contracted,ongoing,open_for_withdrawal,22-01-2026,23-01-2026,Off,17-10-2025,17-10-2025,11-07-2026,570172,0,68.048611,0,0,moderation_passed,10,17-10-2025,,,29,,testing_p3,2026-04-23T06:25:13.000Z,17-10-2025,19-10-2025,22-10-2025,03-01-2026,29-01-2026,15-02-2026,17-10-2025,17-10-2025,18-10-2025,20-10-2025,02-11-2025,23-01-2026,05-02-2026,,,,,progressed,,,,,,,,,,03-11-2025,19-01-2026,77,,passed,passed,passed,,,,,,,,26-08-2026,,33,US,in_progress,in_progress,in_progress,0,0,0,,100,No,No,03-03-2026,23-04-2026,51,ROW,failed,failed,failed,504,229,0.056769,0.100724,200,Yes,Yes,26-08-2026,26-08-2026,0,US,not_recorded,,,0,0,0,,450,No,No,,,,,,,,,,,,,,,4,1,ROW,1,P3,Pending / Ongoing,P3 S1 In Progress
d3866fc3c89b4f6e7425ea92decf796ef97098db,The Billionaire's Twins,a400a8936de6db4bd5b3b53199756174,The Billionaire's Twins,0d1bd5eee25b5310aa4ecbf7f2912de7a382991f,WBP,Souradeep,Divyansh,Non-FTC,Romance,5.0 P3 Testing Candidates,5.3 P3 S1 In Progress,in_progress,31-45d,approved,active,Live contracted,ongoing,open_for_withdrawal,13-06-2026,16-07-2026,On,18-05-2026,18-05-2026,26-09-2026,647174,111121,101.311111,6,11,moderation_passed,10,20-05-2026,Pass,85,4,USA,testing_p3,,19-05-2026,25-05-2026,01-06-2026,23-06-2026,14-07-2026,19-07-2026,19-05-2026,20-05-2026,22-05-2026,29-05-2026,01-06-2026,23-06-2026,08-07-2026,31-05-2026,13-06-2026,13,US,passed,passed,passed,104,65,0.569231,0.4,30,Yes,Yes,13-06-2026,14-06-2026,1,US,passed,passed,passed,104,102,0.607843,0.4,70,Yes,Yes,14-06-2026,26-07-2026,42,US,passed,passed,passed,118,117,0.384615,0.26,100,Yes,Yes,26-07-2026,28-08-2026,33,US,progressed,,progressed,204,118,0.194915,0.16,200,Yes,No,28-08-2026,28-09-2026,31,US,in_progress,in_progress,in_progress,404,0,0,0.1,450,No,No,,,,,,,,,,,,,,,86,35,Nigeria,14,P3,Pending / Ongoing,P3 S1 In Progress
37a4619595e440ac361cdc0df4d1bd0a9bd5d60c,The Bloodline Copy System,4b1b57c4bbfcc5e8589d9880cccd11332b74a6d9,The Bloodline Copy System,1d87c275c9db67ac0699e19ccf547aff58e46a0d,WBP,Ashi,Harley,Non-FTC,System and Superpower,5.0 P3 Testing Candidates,5.3 P3 S1 In Progress,in_progress,31-45d,approved,active,Live contracted,ongoing,open_for_withdrawal,15-01-2026,22-01-2026,On,14-11-2025,14-11-2025,25-09-2026,826928,100586,94.341389,5,25,moderation_passed,10,14-11-2025,,,1,,testing_p3,2026-04-09T06:16:04.000Z,14-11-2025,25-11-2025,05-01-2026,10-02-2026,27-03-2026,26-05-2026,14-11-2025,14-11-2025,23-11-2025,15-12-2025,28-01-2026,18-03-2026,22-05-2026,,,,,progressed,,,,,,,,,,26-11-2025,05-01-2026,40,,passed,passed,passed,,,,,,,,28-08-2026,28-08-2026,0,US,progressed,,progressed,0,0,0,,100,No,No,05-01-2026,09-04-2026,94,ROW,failed,failed,failed,282,211,0.094787,0.100724,200,Yes,Yes,28-08-2026,28-09-2026,31,US,in_progress,in_progress,in_progress,496,0,0,0.1,450,Yes,No,,,,,,,,,,,,,,,6,1,Nigeria,1,P3,Pending / Ongoing,P3 S1 In Progress
4c43207d3f7885c90d8aaafbb8952de80561f21d,The Boss & His Fake Wife,831c1de4b78fa59b44495d37526bc1c0,The Boss & His Fake Wife,f8c909d1eceab997e1ad7f2f2440071c3dc81dbe,FTC 1.0,Ankita,Cortney,FTC,Romance,5.0 P3 Testing Candidates,5.3 P3 S1 In Progress,in_progress,0-3d,approved,active,Live contracted,ongoing,open_for_withdrawal,24-04-2026,07-05-2026,On,08-04-2026,08-04-2026,27-09-2026,285450,55332,31.243056,7,27,moderation_passed,10,09-04-2026,Fail,62,0,FAIL,testing_p3,2026-05-29T03:44:02.000Z,09-04-2026,22-05-2026,13-06-2026,13-08-2026,,,08-04-2026,01-05-2026,20-05-2026,07-06-2026,05-08-2026,23-09-2026,,01-06-2026,14-06-2026,13,US,passed,passed,passed,119,84,0.607143,0.4,30,Yes,Yes,14-06-2026,15-06-2026,1,US,passed,passed,passed,120,118,0.59322,0.4,70,Yes,Yes,16-06-2026,07-08-2026,52,US,passed,passed,passed,143,118,0.423729,0.26,100,Yes,Yes,07-08-2026,25-09-2026,49,US,passed,passed,passed,203,201,0.233831,0.16,200,Yes,Yes,25-09-2026,28-09-2026,3,US,in_progress,in_progress,in_progress,322,0,0,0.1,450,No,No,,,,,,,,,,,,,,,3,1,India,1,P3,Pending / Ongoing,P3 S1 In Progress
e1e025613df0bb24a28711b19cbefdbc254e0c21,The Ceo Hidden Bride,bbcc056265b71ba5dfde0288b60b0a95,The CEO Hidden Bride,2f47f15f244e05278e80f3e0e9557d28ded87333,WBP - Filtered,Divyansh,Nimit,Non-FTC,Romance,5.0 P3 Testing Candidates,5.3 P3 S1 In Progress,in_progress,31-45d,approved,active,Live contracted,ongoing,open_for_withdrawal,09-07-2026,30-07-2026,On,14-05-2026,15-05-2026,27-09-2026,437564,115669,53.223333,7,30,moderation_passed,10,19-05-2026,Pass,83,0,USA,testing_p3,,19-05-2026,02-06-2026,24-06-2026,25-07-2026,18-08-2026,17-09-2026,19-05-2026,22-05-2026,02-06-2026,22-06-2026,16-07-2026,08-08-2026,02-09-2026,04-06-2026,17-06-2026,13,US,passed,passed,passed,88,70,0.428571,0.4,30,Yes,Yes,17-06-2026,18-06-2026,1,US,passed,passed,passed,88,88,0.454545,0.4,70,Yes,Yes,23-06-2026,20-07-2026,27,US,passed,passed,passed,110,108,0.342593,0.26,100,Yes,Yes,20-07-2026,28-08-2026,39,US,progressed,,progressed,207,9,0,0.16,200,Yes,No,28-08-2026,28-09-2026,31,US,in_progress,in_progress,in_progress,461,0,0,0.1,450,Yes,No,,,,,,,,,,,,,,,8,6,Nigeria,5,P3,Pending / Ongoing,P3 S1 In Progress
0db57923d2182ad47e7480030a03e05da109b1bf,The Ceo's Borrowed Beauty,4eea7d0f613f08bf8009d1fecf432193531d9455,The Ceo's Borrowed Beauty,9e3922afe551d3113948a443ce6dd0ea34f70ec7,WBP,,Ahi,No contest,Romance,5.0 P3 Testing Candidates,5.8 P3 S2 In Progress,in_progress,31-45d,approved,active,Live contracted,ongoing,open_for_withdrawal,06-02-2026,09-02-2026,On,15-01-2026,17-01-2026,27-09-2026,490756,47273,59.772222,7,24,moderation_passed,10,19-01-2026,,,0,,testing_p3,,21-01-2026,23-02-2026,17-03-2026,28-04-2026,06-06-2026,30-07-2026,17-01-2026,02-02-2026,20-02-2026,09-03-2026,09-04-2026,12-05-2026,16-06-2026,,,,,progressed,,,,,,,,,,,,,,progressed,,,,,,,,,,,,,,progressed,,,,,,,,,,,,,,progressed,,,,,,,,,,25-08-2026,,34,US,in_progress,in_progress,in_progress,700,0,0,0.1,2000,No,No,25-08-2026,,34,US,in_progress,in_progress,in_progress,677,0,0,0.059,2000,No,No,1,1,India,1,P3,Pending / Ongoing,P3 S2 In Progress
1b7d7de6c90d2460cfe3da014469e3c056fec830,The Ceo's Secret Babies,beb720cf09ec5bbf00719ca084b0586d4547e8e9,The Ceo's Secret Babies,1791ec07665eb0bb352ba799428c753089307c2d,WBP,Srijita Ghosh,Pragati,No contest,Romance,5.0 P3 Testing Candidates,5.3 P3 S1 In Progress,in_progress,31-45d,approved,active,Live contracted,ongoing,open_for_withdrawal,22-03-2024,08-05-2024,Off,12-03-2024,12-03-2024,27-09-2026,663734,53875,82.294722,4,13,moderation_pending_or_missing,1,,,,24,,testing_p3,2025-05-13T16:00:04.000Z,12-03-2024,26-03-2024,13-04-2024,22-05-2024,10-07-2024,10-03-2025,12-03-2024,12-03-2024,12-03-2024,03-04-2024,08-05-2024,15-06-2024,02-08-2024,,,,,progressed,,,,,,,,,,,,,,progressed,,,,,,,,,,28-08-2026,28-08-2026,0,US,progressed,,progressed,0,0,0,,100,No,No,,,,,progressed,,,,,,,,,,28-08-2026,28-09-2026,31,US,in_progress,in_progress,in_progress,62,0,0,0.1,450,No,No,,,,,,,,,,,,,,,18,1,USA,1,P3,Pending / Ongoing,P3 S1 In Progress
446d5769edafce0d5daf04c6cfc40515f289004f,The Cloaked Mogul,f93ea16eabea0e10642544d4e883bc5bdf5f7fc0,The Cloaked Mogul,60d2abc25ef09350bd40e750aa239eb866539ac8,WBP,Akash,Akash,Non-FTC,Drama,6.0 PPV,6.2 PPV,,90+d,approved,active,Live contracted,ongoing,open_for_withdrawal,03-07-2025,07-07-2025,On,17-04-2025,17-04-2025,27-09-2026,878113,38517,108.885833,4,10,moderation_passed,10,16-08-2026,,,4,,ppv,,17-04-2025,06-05-2025,01-07-2025,31-07-2025,07-09-2025,26-12-2025,17-04-2025,21-04-2025,05-05-2025,26-06-2025,20-07-2025,20-08-2025,02-11-2025,01-04-2026,01-04-2026,0,US,progressed,,progressed,0,0,0,,30,No,No,,,,,progressed,,,,,,,,,,01-04-2026,01-04-2026,0,US,progressed,,progressed,0,0,0,,100,No,No,,,,,progressed,,,,,,,,,,01-04-2026,30-04-2026,29,US,progressed,,progressed,456,0,0,0.1,450,Yes,No,,,,,progressed,,,,,,,,,,15,3,ROW,3,PPV,Currently PPV,
a09fd281233c0dee7a45d32647f68bb0142a3b96,The Comatose Billionaire,b43c4e92a9ebf7287a0edb223605eb3b7eec2888,The Comatose Billionaire,a90389e07ac4bd57db3bf4fe48f72619cf4ab6d5,WBP,,,No contest,Romance,5.0 P3 Testing Candidates,5.5 P3 S1 Failed,failed,46-90d,approved,active,Live contracted,ongoing,open_for_withdrawal,17-04-2026,21-04-2026,Off,04-03-2026,04-03-2026,29-07-2026,363178,0,49.621111,0,0,moderation_passed,10,05-03-2026,Pass,70.254,23,ROW,testing_p3,,04-03-2026,19-03-2026,18-04-2026,13-05-2026,15-06-2026,,04-03-2026,06-03-2026,14-03-2026,28-03-2026,29-04-2026,20-05-2026,13-06-2026,20-03-2026,04-04-2026,15,US,passed,passed,passed,42,32,0.6875,0.4,30,Yes,Yes,04-04-2026,17-04-2026,13,US,passed,passed,passed,102,87,0.586207,0.4,70,Yes,Yes,17-04-2026,25-05-2026,38,US,passed,passed,passed,105,100,0.37,0.26,100,Yes,Yes,25-05-2026,16-07-2026,52,US,passed,passed,passed,244,201,0.164179,0.16,200,Yes,Yes,16-07-2026,28-09-2026,74,US,failed,failed,failed,475,452,0.061947,0.1,450,Yes,Yes,,,,,,,,,,,,,,,13,10,Nigeria,10,P3,Failed / Exited,Explicit Testing Failure
33e8ab0db9ae32917785af78276932f16eac10c0,The Crowns Selection,6674dc3e4c3e26872c4029bdefa21249,The Crowns Selection,b7d15e8b16e024ccb9ad4e44fe44eecf844411eb,FTC 1.0,Tejaswini,Pragati,FTC,Romance,5.0 P3 Testing Candidates,5.3 P3 S1 In Progress,in_progress,31-45d,approved,active,Live contracted,ongoing,open_for_withdrawal,22-04-2026,07-05-2026,On,11-04-2026,12-04-2026,27-09-2026,398188,95476,53.831944,5,25,moderation_passed,10,12-04-2026,Pass,80,28,USA,testing_p3,2026-08-12T06:03:21.000Z,12-04-2026,17-05-2026,07-06-2026,19-07-2026,28-08-2026,,12-04-2026,12-04-2026,09-05-2026,25-05-2026,23-06-2026,24-07-2026,26-08-2026,26-06-2026,09-07-2026,13,US,progressed,progressed,progressed,85,27,0.296296,0.4,30,Yes,No,,,,,progressed,,,,,,,,,,12-08-2026,28-08-2026,16,US,progressed,progressed,progressed,137,0,0,0.26,100,Yes,No,,,,,progressed,,,,,,,,,,28-08-2026,28-09-2026,31,US,in_progress,in_progress,in_progress,542,0,0,0.1,450,Yes,No,,,,,,,,,,,,,,,12,6,Nigeria,5,P3,Pending / Ongoing,P3 S1 In Progress
a901618b218023453e7ca53e9fa1d9940b094e69,The Devil's New Assistant,f9f36042e390168c76060263328ccc3c,The Devil's New Assistant,3e34883fd541d65d4cda1934e8e152fb06d41a45,WBP - Filtered,Malini,Anisha,Non-FTC,Romance,5.0 P3 Testing Candidates,5.3 P3 S1 In Progress,in_progress,4-15d,approved,active,Live contracted,ongoing,open_for_withdrawal,22-08-2026,15-09-2026,On,12-06-2026,12-06-2026,27-09-2026,291250,76446,39.825556,6,27,moderation_passed,10,12-06-2026,Pass,85,1,USA,testing_p3,,13-06-2026,23-06-2026,07-07-2026,16-08-2026,,,12-06-2026,13-06-2026,19-06-2026,29-06-2026,19-07-2026,31-08-2026,,24-06-2026,07-07-2026,13,US,passed,passed,passed,57,45,0.422222,0.4,30,Yes,Yes,07-07-2026,20-07-2026,13,US,passed,passed,passed,99,94,0.414894,0.4,70,Yes,Yes,20-07-2026,17-09-2026,59,US,failed,failed,failed,109,102,0.245098,0.26,100,Yes,Yes,,,,,progressed,,,,,,,,,,17-09-2026,28-09-2026,11,US,in_progress,in_progress,in_progress,152,0,0,0.1,450,No,No,,,,,,,,,,,,,,,7,7,USA,7,P3,Pending / Ongoing,P3 S1 In Progress
8f9097f70a41e0a3a637a3eb2b6551e036eb16b7,The Devine Root,cd6b018169508d5a6d1ad38d2453cdf4,The Devine Root,ed15ea072a254a9a08f05ee454909beafb15f066,FTC 3.0,Tejaswini,Pragati,No contest,Fantasy,5.0 P3 Testing Candidates,5.3 P3 S1 In Progress,in_progress,4-15d,approved,active,Live contracted,ongoing,open_for_withdrawal,09-09-2026,11-09-2026,On,09-08-2026,09-08-2026,27-09-2026,447993,118022,54.203889,7,23,moderation_passed,10,09-08-2026,Pass,75,3,USA,testing_p3,,09-08-2026,10-08-2026,13-08-2026,21-08-2026,26-08-2026,18-09-2026,09-08-2026,09-08-2026,10-08-2026,10-08-2026,18-08-2026,20-08-2026,29-08-2026,11-08-2026,28-08-2026,17,US,progressed,,progressed,41,20,0.35,0.4,30,Yes,No,,,,,progressed,,,,,,,,,,28-08-2026,24-09-2026,27,US,progressed,,progressed,21,0,0,0.26,100,No,No,,,,,progressed,,,,,,,,,,24-09-2026,28-09-2026,4,US,in_progress,in_progress,in_progress,135,0,0,0.1,450,No,No,,,,,,,,,,,,,,,21,15,UK,14,P3,Pending / Ongoing,P3 S1 In Progress
e3ea22ad9a736918a7619bfed3abf1f862c9bdb2,The Empress's Cold Return,40d6aa633189b72c2e4109308421b845,The Empress's Cold Return,6f14a59550807bb2e0b3349e3cf8ac4b272bf754,FTC 3.0,Angel,Sumana,No contest,Drama,5.0 P3 Testing Candidates,5.3 P3 S1 In Progress,in_progress,46-90d,approved,active,Live contracted,ongoing,open_for_withdrawal,02-07-2026,27-07-2026,On,23-03-2026,23-03-2026,27-09-2026,579835,65186,58.587222,7,29,moderation_passed,10,23-03-2026,Pass,73,28,USA,testing_p3,2026-06-23T06:08:29.000Z,23-03-2026,25-03-2026,29-03-2026,09-05-2026,07-06-2026,19-07-2026,23-03-2026,23-03-2026,25-03-2026,07-04-2026,10-05-2026,11-06-2026,20-07-2026,02-04-2026,04-05-2026,32,US,passed,passed,passed,30,30,0.433333,0.4,30,Yes,Yes,04-05-2026,17-05-2026,13,US,passed,passed,passed,101,85,0.447059,0.4,70,Yes,Yes,17-07-2026,17-07-2026,0,US,progressed,progressed,progressed,0,0,0,,100,No,No,,,,,progressed,,,,,,,,,,17-07-2026,28-09-2026,73,US,in_progress,in_progress,in_progress,474,438,0.070776,0.1,450,Yes,No,,,,,,,,,,,,,,,17,12,ROW,7,P3,Pending / Ongoing,P3 S1 In Progress
8fc0fc1659f3b419e6fa13d9cb59b0e57bfec096,The Exiled Heir,ac6681420b8096b078c486a0bd0f51a9a7fc4e45,The Exiled Heir,60d2abc25ef09350bd40e750aa239eb866539ac8,WBP,Akash,Akash,No contest,Drama,6.0 PPV,6.2 PPV,,90+d,approved,active,Live contracted,ongoing,open_for_withdrawal,12-04-2025,17-04-2025,Off,01-01-2025,01-01-2025,24-09-2026,626077,16497,76.231389,1,4,moderation_passed,10,16-08-2026,,,10,,ppv,,04-01-2025,14-01-2025,12-04-2025,16-05-2025,22-07-2025,27-10-2025,04-01-2025,06-01-2025,13-01-2025,31-03-2025,07-05-2025,12-07-2025,08-08-2025,,,,,progressed,,,,,,,,,,09-01-2025,21-05-2025,132,,passed,passed,passed,,,,,,,,16-03-2026,16-03-2026,0,,progressed,,progressed,0,0,0,,100,No,No,,,,,progressed,,,,,,,,,,16-03-2026,30-04-2026,45,US,progressed,,progressed,500,0,0,0.1,450,Yes,No,,,,,progressed,,,,,,,,,,15,1,ROW,1,PPV,Currently PPV,
622c96a576425047d6bff8447205921132d7f61c,The Exit Nobody Expected,06ab07f348b64a8195dcbecfcccaf1732cdc5984,The Exit Nobody Expected,bd47fd82e4dfbec35723940cabcb6823836a2529,WBP - Filtered,Malini,Anisha,Non-FTC,Suspense or Thriller,5.0 P3 Testing Candidates,5.3 P3 S1 In Progress,in_progress,16-30d,approved,active,Live contracted,ongoing,open_for_withdrawal,26-08-2026,04-09-2026,On,10-11-2025,10-11-2025,26-09-2026,381502,106875,46.602222,6,29,moderation_passed,10,13-11-2025,Pass,75.862,2,USA,testing_p3,2026-03-31T06:34:36.000Z,13-11-2025,28-11-2025,12-12-2025,01-02-2026,02-09-2026,,12-11-2025,14-11-2025,27-11-2025,10-12-2025,27-01-2026,07-02-2026,10-09-2026,,,,,progressed,,,,,,,,,,28-11-2025,31-03-2026,123,US,failed,failed,failed,,,,,,,,28-08-2026,07-09-2026,10,US,progressed,,progressed,0,0,0,,100,No,No,,,,,progressed,,,,,,,,,,07-09-2026,28-09-2026,21,US,in_progress,in_progress,in_progress,47,0,0,0.1,450,No,No,,,,,,,,,,,,,,,9,2,Nigeria,2,P3,Pending / Ongoing,P3 S1 In Progress
23200139c53ab123429a0f621a7519272bf21ea7,The Fae Lycan Abomination,f6a3c5c5051c97161d5f9b6c8dd24d2c,The Fae Lycan Abomination,4cc2903497ff9b4ceb360041e926703ab522d02d,WBP,Chitra,Akash,Non-FTC,Fantasy,5.0 P3 Testing Candidates,5.3 P3 S1 In Progress,in_progress,31-45d,approved,active,Live contracted,ongoing,open_for_withdrawal,03-06-2026,02-07-2026,Off,19-04-2026,19-04-2026,23-09-2026,367795,5225,39.314722,3,3,moderation_passed,10,20-04-2026,Pass,77,0,USA,testing_p3,2026-07-26T06:02:36.000Z,20-04-2026,05-05-2026,20-05-2026,08-06-2026,14-07-2026,,19-04-2026,24-04-2026,05-05-2026,18-05-2026,07-06-2026,07-07-2026,,07-05-2026,21-05-2026,14,US,passed,passed,passed,34,33,0.454545,0.4,30,Yes,Yes,21-05-2026,04-06-2026,14,US,passed,passed,passed,73,71,0.422535,0.4,70,Yes,Yes,28-08-2026,28-08-2026,0,US,progressed,progressed,progressed,0,0,0,,100,No,No,,,,,progressed,,,,,,,,,,28-08-2026,28-09-2026,31,US,in_progress,in_progress,in_progress,141,0,0,0.1,450,No,No,,,,,,,,,,,,,,,2,2,USA,2,P3,Pending / Ongoing,P3 S1 In Progress
4d01d84cdfff217f33b380cdb07a2a1c706749ea,The Fifth Bride,955bf7f917caf98ed719bb71a07ade9eb714609d,The Fifth Bride,2fb279c194fd358e6da2f018583715bbb22426be,WBP,Souradeep,Divyansh,No contest,Suspense or Thriller,5.0 P3 Testing Candidates,5.4 P3 S1 Paused,paused,31-45d,approved,active,Live contracted,ongoing,open_for_withdrawal,07-11-2024,07-11-2024,Off,05-10-2024,05-10-2024,12-02-2025,307408,0,30.771667,0,0,moderation_failed,0,,,,25,,testing_p3,2025-03-07T16:15:10.000Z,05-10-2024,24-10-2024,22-11-2024,28-12-2024,06-02-2025,,05-10-2024,09-10-2024,24-10-2024,22-11-2024,29-12-2024,06-02-2025,,,,,,progressed,,,,,,,,,,,,,,progressed,,,,,,,,,,28-08-2026,28-08-2026,0,US,progressed,,progressed,0,0,0,,100,No,No,,,,,progressed,,,,,,,,,,28-08-2026,,,US,paused,paused,paused,0,0,0,,450,No,No,,,,,,,,,,,,,,,17,13,Nigeria,12,P3,Pending / Ongoing,P3 S1 Paused
c8219b2f9d80ce631da27b15849041dbb194dc76,The Fire God's Heir,cc8615e871fa8c65731a63eb7f68b5a9c32b83fb,The Fire God's Heir,afda676861073591c7b830fe1b94292ad54e0f83,WBP,Tejaswini,Pragati,Non-FTC,Romantasy,5.0 P3 Testing Candidates,5.3 P3 S1 In Progress,in_progress,31-45d,approved,active,Live contracted,ongoing,open_for_withdrawal,15-06-2025,25-06-2025,Off,02-05-2025,02-05-2025,02-09-2026,495344,6509,51.469722,0,3,moderation_passed,10,03-07-2026,,,29,,testing_p3,2026-02-05T11:26:22.000Z,05-05-2025,25-05-2025,04-06-2025,30-06-2025,06-08-2025,13-07-2026,05-05-2025,12-05-2025,24-05-2025,03-06-2025,26-06-2025,03-08-2025,09-07-2026,,,,,progressed,,,,,,,,,,12-05-2025,31-05-2025,19,,passed,passed,passed,,,,,,,,28-08-2026,28-08-2026,0,US,progressed,progressed,progressed,0,0,0,,100,No,No,,,,,progressed,,,,,,,,,,28-08-2026,28-09-2026,31,US,in_progress,in_progress,in_progress,267,0,0,0.1,450,No,No,,,,,,,,,,,,,,,25,4,Nigeria,4,P3,Pending / Ongoing,P3 S1 In Progress
5843f25ac24c8ba34301e2cfe9e73ddc0bfd8fc7,The Fire Reborn Xavier,bd6272f48c02f9ab52e50568f6027520b6656986,The Fire Reborn Xavier,a45adc3d93d58eac2678132912d78e0a895620ee,WBP,Ankita,Cortney,Non-FTC,System and Superpower,5.0 P3 Testing Candidates,5.3 P3 S1 In Progress,in_progress,31-45d,approved,active,Live contracted,ongoing,open_for_withdrawal,14-11-2025,03-12-2025,Off,05-10-2025,06-10-2025,20-09-2026,741786,27846,77.154167,0,7,moderation_passed,10,07-10-2025,,,0,,testing_p3,2026-01-21T06:27:12.000Z,07-10-2025,09-10-2025,13-10-2025,14-11-2025,03-12-2025,01-01-2026,06-10-2025,07-10-2025,09-10-2025,11-10-2025,05-11-2025,01-12-2025,30-12-2025,,,,,progressed,,,,,,,,,,09-10-2025,26-10-2025,17,,passed,passed,passed,,,,,,,,28-08-2026,28-08-2026,0,US,progressed,,progressed,0,0,0,,100,No,No,,,,,progressed,,,,,,,,,,28-08-2026,28-09-2026,31,US,in_progress,in_progress,in_progress,427,0,0,0.1,450,No,No,,,,,,,,,,,,,,,3,2,India,1,P3,Pending / Ongoing,P3 S1 In Progress
31e58f7ec421b1daaed1f4ac654ecd9eb855bc93,The Forsaken Path,ab0e0b6e60d907be4157f0e3fae78195,The Forsaken Path,a6474f19bd44029523d66055cce90053123cf5d8,FTC 1.0,Manaswini,Harley,FTC,Fantasy,5.0 P3 Testing Candidates,5.3 P3 S1 In Progress,in_progress,31-45d,approved,active,Live contracted,ongoing,open_for_withdrawal,22-04-2026,07-05-2026,On,08-04-2026,08-04-2026,06-09-2026,492611,89935,54.191111,0,7,moderation_passed,10,08-04-2026,Pass,92,28,USA,testing_p3,2026-07-20T06:02:42.000Z,08-04-2026,08-04-2026,12-04-2026,11-05-2026,13-06-2026,28-08-2026,08-04-2026,08-04-2026,08-04-2026,11-04-2026,07-05-2026,01-06-2026,18-07-2026,,,,,progressed,,,,,,,,,,,,,,progressed,,,,,,,,,,28-08-2026,28-08-2026,0,US,progressed,progressed,progressed,0,0,0,,100,No,No,,,,,progressed,,,,,,,,,,28-08-2026,28-09-2026,31,US,in_progress,in_progress,in_progress,478,0,0,0.1,450,Yes,No,,,,,,,,,,,,,,,21,14,USA,7,P3,Pending / Ongoing,P3 S1 In Progress
0f3d56fd651e66eb62e990fd31d006aa80eaab5f,The Forsaken Tamer,38f083f9b83b2134188b71fcf82046cb,The Forsaken Tamer,09befa56ccc9223ab75f2401cc9d32d4f1ae34be,FTC 3.0,Tapasya,Nimit,Non-FTC,System and Superpower,5.0 P3 Testing Candidates,5.3 P3 S1 In Progress,in_progress,4-15d,approved,active,Signing pending,ongoing,signing_pending,31-08-2026,,On,09-05-2026,09-05-2026,27-09-2026,357917,28003,57.718889,1,11,moderation_passed,10,09-05-2026,Pass,73,11,ROW,testing_p3,,09-05-2026,28-05-2026,08-06-2026,28-06-2026,17-08-2026,,09-05-2026,10-05-2026,24-05-2026,02-06-2026,18-06-2026,28-06-2026,27-07-2026,30-05-2026,13-06-2026,14,ROW,passed,passed,passed,93,46,0.391304,0.265319,30,Yes,Yes,13-06-2026,20-06-2026,7,ROW,passed,passed,passed,100,70,0.371429,0.265319,70,Yes,Yes,20-06-2026,16-07-2026,26,ROW,passed,passed,passed,250,185,0.081081,0.077458,100,Yes,Yes,16-07-2026,28-07-2026,12,ROW,progressed,,progressed,251,0,0,0.010416,200,Yes,No,18-09-2026,,10,US,in_progress,in_progress,in_progress,557,0,0,0.1,450,Yes,No,,,,,,,,,,,,,,,6,6,ROW,6,P3,Pending / Ongoing,P3 S1 In Progress
34997bc4167305107b251e0bf8431553064ef3a5,The Ghost Heiress,feb37596fe4045009fea68afb24e4d9a,The Ghost Heiress,85107ac14cfe4e9f4b518262494ed29d0bc0546f,FTC 3.0,Chandradeep,Nimit,Non-FTC,Romance,5.0 P3 Testing Candidates,5.3 P3 S1 In Progress,in_progress,16-30d,approved,active,Live contracted,ongoing,open_for_withdrawal,09-07-2026,16-07-2026,On,21-03-2026,21-03-2026,27-09-2026,380856,61199,40.86,7,30,moderation_passed,10,21-03-2026,Pass,78,27,USA,testing_p3,,21-03-2026,23-04-2026,21-05-2026,14-07-2026,18-08-2026,,21-03-2026,24-03-2026,24-04-2026,19-05-2026,11-07-2026,09-08-2026,23-09-2026,25-04-2026,07-05-2026,12,US,passed,passed,passed,55,9,0.333333,0.4,30,Yes,No,07-05-2026,23-05-2026,16,US,passed,passed,passed,88,72,0.416667,0.4,70,Yes,Yes,02-06-2026,16-07-2026,44,US,passed,passed,passed,103,101,0.376238,0.26,100,Yes,Yes,16-07-2026,07-09-2026,53,US,progressed,,progressed,120,73,0.136986,0.16,200,No,No,07-09-2026,28-09-2026,21,US,in_progress,in_progress,in_progress,285,0,0,0.1,450,No,No,,,,,,,,,,,,,,,6,2,Nigeria,2,P3,Pending / Ongoing,P3 S1 In Progress
7fb3b080b1ad8976195f7a18e1df497bc23037fa,The Ghostwalker,8021874848d0e15b5e61fd16f6fd9a02,The Ghostwalker,efb26962c6047ed0ccd1026d5414211838a2ba05,WBP,Manaswini,Harley,No contest,Suspense or Thriller,5.0 P3 Testing Candidates,5.8 P3 S2 In Progress,in_progress,90+d,approved,active,Live contracted,ongoing,open_for_withdrawal,05-06-2026,08-06-2026,On,30-05-2026,01-06-2026,23-09-2026,291349,44180,30.745278,3,19,moderation_passed,10,02-06-2026,,,0,,testing_p3,,01-06-2026,24-06-2026,02-07-2026,16-08-2026,,,01-06-2026,05-06-2026,20-06-2026,01-07-2026,09-08-2026,20-09-2026,,,,,,progressed,,,,,,,,,,,,,,progressed,,,,,,,,,,,,,,progressed,,,,,,,,,,,,,,progressed,,,,,,,,,,16-09-2026,28-09-2026,12,US,progressed,in_progress,in_progress,1721,1051,0.011418,0.1,2000,No,No,24-06-2026,16-09-2026,84,US,in_progress,in_progress,in_progress,1702,0,0,0.059,2000,No,No,1,1,USA,1,P3,Pending / Ongoing,P3 S2 In Progress
964c4dbd3e851f0d215e0fc68b9c364303676665,The Governor's Wife,aaf5f8501c0e945a705204b74d97f025,The Governor's Wife,2521257f526096a26425ed169d65d13966e3b45e,FTC 1.0,Chitra,Akash,FTC,Romance,5.0 P3 Testing Candidates,5.3 P3 S1 In Progress,in_progress,31-45d,approved,active,Live contracted,ongoing,open_for_withdrawal,22-04-2026,12-05-2026,On,10-04-2026,10-04-2026,27-09-2026,315401,53817,37.846389,7,28,moderation_passed,10,10-04-2026,Pass,72,25,ROW,testing_p3,,10-04-2026,16-05-2026,06-06-2026,29-07-2026,20-09-2026,,10-04-2026,30-04-2026,12-05-2026,31-05-2026,15-07-2026,24-08-2026,,20-05-2026,03-06-2026,14,US,passed,passed,passed,47,38,0.605263,0.4,30,Yes,Yes,03-06-2026,16-06-2026,13,US,passed,passed,passed,99,86,0.581395,0.4,70,Yes,Yes,16-06-2026,28-08-2026,73,US,progressed,,progressed,72,64,0.375,0.26,100,No,No,,,,,progressed,,,,,,,,,,28-08-2026,28-09-2026,31,US,in_progress,in_progress,in_progress,200,0,0,0.1,450,No,No,,,,,,,,,,,,,,,4,1,Nigeria,1,P3,Pending / Ongoing,P3 S1 In Progress
5710ee62e2cd01947d8f11e6bcaaa653fd1281b2,The Greatest Son-in-Law,1f41e341def5aa518f2e7cdc7efaf497,The Greatest Son-In-Law,d6213d1ab0728cb2533ce4e9dcc5fe210874eccc,WBP - Filtered,Arnav,Nimit,No contest,Drama,5.0 P3 Testing Candidates,5.3 P3 S1 In Progress,in_progress,31-45d,approved,active,Live contracted,ongoing,open_for_withdrawal,09-09-2026,09-09-2026,On,07-07-2026,07-07-2026,27-09-2026,334154,45266,38.304167,7,28,moderation_passed,10,07-07-2026,Pass,83,30,USA,testing_p3,,07-07-2026,07-07-2026,08-07-2026,08-07-2026,07-09-2026,,06-07-2026,07-07-2026,07-07-2026,08-07-2026,08-07-2026,09-08-2026,,10-07-2026,23-07-2026,13,US,passed,passed,passed,60,55,0.418182,0.4,30,Yes,Yes,23-07-2026,28-07-2026,5,US,progressed,,progressed,79,60,0.45,0.4,70,Yes,No,28-07-2026,28-08-2026,31,US,progressed,,progressed,116,56,0.25,0.26,100,Yes,No,,,,,progressed,,,,,,,,,,28-08-2026,28-09-2026,31,US,in_progress,in_progress,in_progress,490,0,0,0.1,450,Yes,No,,,,,,,,,,,,,,,148,89,Nigeria,88,P3,Pending / Ongoing,P3 S1 In Progress
1e1205d9e93348005e7eb4b2e071c8c63b7914ca,The Heart's Captive,7157204a9bdcb363ea656c19517ffd7fa26d6097,The Heart's Captive,4953a5f62fafbb19b7b7f40c4b10fa3412713534,WBP,Tushar,Aakash,No contest,Romantasy,5.0 P3 Testing Candidates,5.4 P3 S1 Paused,paused,16-30d,approved,active,Live contracted,ongoing,open_for_withdrawal,08-05-2024,09-05-2024,Off,06-04-2024,06-04-2024,07-03-2025,442841,0,41.106111,0,0,moderation_passed,10,,,,0,,testing_p3,2025-06-24T10:38:03.000Z,09-04-2024,21-04-2024,16-05-2024,06-07-2024,12-09-2024,29-10-2024,09-04-2024,13-04-2024,21-04-2024,16-05-2024,10-07-2024,22-09-2024,13-11-2024,,,,,progressed,,,,,,,,,,,,,,progressed,,,,,,,,,,07-09-2026,07-09-2026,0,US,progressed,,progressed,0,0,0,,100,No,No,,,,,progressed,,,,,,,,,,07-09-2026,,,US,paused,paused,paused,0,0,0,,450,No,No,,,,,,,,,,,,,,,23,4,Nigeria,3,P3,Pending / Ongoing,P3 S1 Paused
1836e59c6c260be823ab101f0ff41d826b68fff7,The Hero Killer,f97f5bdb5806ebc9832929233dedb5f9,The Hero Killer,63cb0335cbee91d9d26f4d53e416d3c6dd7728a8,WBP,Nihar,Sumana,Non-FTC,Fantasy,5.0 P3 Testing Candidates,5.3 P3 S1 In Progress,in_progress,4-15d,approved,active,Live contracted,ongoing,open_for_withdrawal,03-08-2026,04-09-2026,On,30-07-2026,30-07-2026,27-09-2026,93936,66170,10.761389,7,16,moderation_passed,10,26-08-2026,Pass,88,0,USA,testing_p3,,30-07-2026,21-09-2026,,,,,30-07-2026,22-08-2026,19-09-2026,26-09-2026,,,,,,,,progressed,,,,,,,,,,,,,,progressed,,,,,,,,,,,,,,progressed,,,,,,,,,,,,,,progressed,,,,,,,,,,22-09-2026,28-09-2026,6,US,in_progress,in_progress,in_progress,12,0,0,0.1,2000,No,No,,,,,,,,,,,,,,,1,1,Nigeria,1,P3,Pending / Ongoing,P3 S1 In Progress
767e135d338072c6a947db01691ead3f3174c6e1,The Hidden Heir Returns,960e6c71b0e49cc77a7a3a22fb9a3924084e308a,The Hidden Heir Returns,6961bad271b57b21863e8c8c17737fcdfec7896c,WBP,Srijita Ghosh,Pragati,No contest,Drama,6.0 PPV,6.2 PPV,,90+d,approved,active,Completed,completion,open_for_withdrawal,20-02-2024,15-03-2024,On,04-02-2024,04-02-2024,15-06-2025,2063558,0,210.0375,0,0,moderation_passed,10,24-05-2026,,,30,,ppv,,05-02-2024,01-03-2024,20-03-2024,26-04-2024,09-05-2024,18-05-2024,05-02-2024,21-02-2024,28-02-2024,18-03-2024,23-04-2024,08-05-2024,17-05-2024,,,,,,,,,,,,,,,,,,,,,,,,,,,,,,,,,,,,,,,,,,,,,,,,,,,,,,,,,,,,,,,,,,,,,,,,,,,progressed,,,,,,,,,,55,2,Philippines,2,PPV,Currently PPV,
4e767fe3eae1eb30991fabcb73be16e9925ab124,The Ill-Fated Aristocrat,10cd0726d0cbccd743f1873e3c8e14cbfbe7a678,The Ill-Fated Aristocrat,78d3b0d79b69148475c103096fe43410cef37170,WBP,Angel,Krithika,Non-FTC,Romance,5.0 P3 Testing Candidates,5.8 P3 S2 In Progress,in_progress,31-45d,approved,active,Live contracted,ongoing,open_for_withdrawal,15-08-2025,21-08-2025,On,15-02-2025,02-03-2025,27-09-2026,745140,101972,105.300278,7,15,moderation_passed,10,01-12-2025,,,13,,testing_p3,,14-03-2025,06-07-2025,01-08-2025,03-12-2025,24-03-2026,14-06-2026,14-03-2025,04-05-2025,18-06-2025,20-07-2025,26-08-2025,10-12-2025,18-03-2026,,,,,progressed,,,,,,,,,,24-03-2025,03-07-2025,101,,passed,passed,passed,,,,,,,,19-08-2026,19-08-2026,0,US,progressed,progressed,progressed,0,0,0,,100,No,No,12-03-2026,30-04-2026,49,ROW,progressed,,progressed,250,115,0.130435,0.100724,200,Yes,No,30-04-2026,09-07-2026,70,US,passed,passed,passed,522,450,0.16,0.1,450,Yes,Yes,19-08-2026,,40,US,in_progress,in_progress,in_progress,0,0,0,,450,No,No,4,1,Nigeria,1,P3,Pending / Ongoing,P3 S2 In Progress
9b25cb8fec3919f6398cf69f6cec44382a44749e,The Immortal's Mark,a99e90d5caafdb44a414a4f38705d20631aaa431,The Immortal's Mark,ab19fa3e6a64add7deb185645e55a114e5d41a4b,WBP,Tejaswini,Pragati,Non-FTC,Romantasy,6.0 PPV,6.2 PPV,,46-90d,approved,active,Live contracted,ongoing,open_for_withdrawal,03-06-2025,10-06-2025,On,24-03-2025,24-03-2025,25-09-2026,846759,62271,111.871944,4,20,moderation_passed,10,01-12-2025,,,1,,ppv,,26-03-2025,17-04-2025,16-05-2025,14-07-2025,13-12-2025,28-03-2026,25-03-2025,28-03-2025,07-04-2025,08-05-2025,17-06-2025,05-09-2025,13-12-2025,,,,,progressed,,,,,,,,,,30-03-2025,15-06-2025,77,,passed,passed,passed,,,,,,,,,,,,progressed,,,,,,,,,,03-11-2025,23-03-2026,140,,progressed,paused,paused,,,,,,,,23-03-2026,03-06-2026,72,US,passed,passed,passed,519,452,0.106195,0.1,450,Yes,Yes,03-06-2026,10-07-2026,37,US,passed,passed,passed,519,519,0.082852,0.059,450,Yes,Yes,5,1,Nigeria,1,PPV,Currently PPV,
003c0c0b3759df17ce3f0b5feeeed123024f274d,The Invictus Mage Returns,4803a85889c2ca36b19d27010f2ed8dfb8c83a10,The Invictus Mage Returns,5ba6fbb12f6532896b5e89eac050124d1742aef5,WBP,Chitra,Akash,No contest,Fantasy,5.0 P3 Testing Candidates,5.6 P3 S1 Passed - Awaiting H40 Live Length,pre_testing,46-90d,approved,active,Live contracted,ongoing,open_for_withdrawal,20-02-2026,09-03-2026,Off,03-12-2025,03-12-2025,25-05-2026,381950,0,38.321389,0,0,moderation_passed,10,03-12-2025,,,0,,testing_p3,,03-12-2025,12-12-2025,08-01-2026,19-03-2026,19-04-2026,,03-12-2025,03-12-2025,12-12-2025,06-01-2026,17-03-2026,18-04-2026,,13-12-2025,21-01-2026,39,,passed,passed,passed,67,30,0.566667,0.4,30,Yes,Yes,21-01-2026,03-02-2026,13,,passed,passed,passed,80,76,0.486842,0.4,70,Yes,Yes,03-02-2026,27-03-2026,52,ROW,passed,passed,passed,193,175,0.234286,0.192533,100,Yes,Yes,27-03-2026,30-04-2026,34,ROW,progressed,,progressed,329,22,0,0.100724,200,Yes,No,30-04-2026,09-07-2026,70,US,passed,passed,passed,548,463,0.12527,0.1,450,Yes,Yes,,,,,,,,,,,,,,,8,1,USA,1,P3,Pending / Ongoing,P3 S1 Passed - Awaiting H40
26e1fd07be016edcad6988356011ef8b49038bd1,The Last Anniversary Lie,18125388119eff5adfe103671d2c65a4,The Last Anniversary Lie,b378f8f5d340dc8b13ae72a5613ee7377ff4073b,FTC 2.0,Priyanshi,Anisha,No contest,Romance,5.0 P3 Testing Candidates,5.3 P3 S1 In Progress,in_progress,16-30d,approved,active,Live contracted,ongoing,open_for_withdrawal,05-06-2026,24-07-2026,On,16-03-2026,16-03-2026,27-09-2026,427136,146020,47.111389,7,29,moderation_passed,10,17-03-2026,Fail,38,19,FAIL,testing_p3,2026-05-29T03:30:17.000Z,17-03-2026,22-05-2026,31-07-2026,14-08-2026,02-09-2026,23-09-2026,17-03-2026,19-03-2026,01-05-2026,31-07-2026,12-08-2026,27-08-2026,16-09-2026,15-07-2026,13-08-2026,29,US,passed,passed,passed,41,40,0.45,0.4,30,Yes,Yes,13-08-2026,18-08-2026,5,US,progressed,,progressed,101,41,0.439024,0.4,70,Yes,No,18-08-2026,03-09-2026,16,US,progressed,,progressed,105,0,0,0.26,100,Yes,No,,,,,progressed,,,,,,,,,,03-09-2026,28-09-2026,25,US,in_progress,in_progress,in_progress,468,0,0,0.1,450,Yes,No,,,,,,,,,,,,,,,8,3,Nigeria,3,P3,Pending / Ongoing,P3 S1 In Progress
778663539ccabc8ee781b66d2bf6ff6a7f527163,The Lazuras Engine System,71c717ba9555d5ee06e9f648ec3cc7d3f0e7f638,The Lazuras Engine System,ea9f774267e5282b896c4a3de2c98502002d86b8,WBP,Srijita Ghosh,Pragati,No contest,System and Superpower,5.0 P3 Testing Candidates,5.4 P3 S1 Paused,paused,31-45d,approved,active,Live contracted,ongoing,open_for_withdrawal,04-10-2025,13-10-2025,Off,22-06-2025,24-06-2025,06-07-2026,630788,0,67.241111,0,0,moderation_passed,10,12-03-2026,,,0,,testing_p3,2026-04-07T06:28:10.000Z,26-06-2025,27-07-2025,30-08-2025,03-11-2025,27-01-2026,06-04-2026,25-06-2025,16-07-2025,26-07-2025,28-08-2025,27-10-2025,18-01-2026,26-03-2026,,,,,progressed,,,,,,,,,,14-08-2025,20-09-2025,37,,passed,passed,passed,,,,,,,,28-08-2026,28-08-2026,0,US,progressed,,progressed,0,0,0,,100,No,No,,,,,progressed,,,,,,,,,,28-08-2026,,,US,paused,paused,paused,0,0,0,,450,No,No,,,,,,,,,,,,,,,1,1,USA,1,P3,Pending / Ongoing,P3 S1 Paused
6537ebcf99ebb2572c378cc92edd07b6d165b13b,The Legendary Beast Archi,61e49f6e32bd4e1198e5fa66b24ea59c,THE LEGENDARY BEAST ARCHI,94234cbb5d307c51430dd3322df7c33647959819,FTC 3.0,Aakash,Nimit,Non-FTC,Fantasy,5.0 P3 Testing Candidates,5.3 P3 S1 In Progress,in_progress,16-30d,approved,active,Signing pending,ongoing,signing_pending,09-09-2026,,On,09-08-2026,09-08-2026,09-09-2026,286113,33129,49.19,0,1,moderation_passed,10,09-08-2026,Pass,75,5,USA,testing_p3,,09-08-2026,10-08-2026,10-08-2026,20-08-2026,,,09-08-2026,09-08-2026,09-08-2026,10-08-2026,10-08-2026,20-08-2026,24-08-2026,12-08-2026,28-08-2026,16,US,passed,passed,passed,37,37,0.432432,0.4,30,Yes,Yes,,,,,progressed,,,,,,,,,,28-08-2026,01-09-2026,4,US,progressed,,progressed,0,0,0,,100,No,No,,,,,progressed,,,,,,,,,,01-09-2026,28-09-2026,27,US,in_progress,in_progress,in_progress,487,0,0,0.1,450,Yes,No,,,,,,,,,,,,,,,33,3,USA,3,P3,Pending / Ongoing,P3 S1 In Progress
4ef829b74ddfb2f550d1c5ceb22a6d68f5936dff,The Mad Alpha’s True Luna,df22c31e97611e1f7f118f3de6956e4a,The Mad Alpha’s True Luna,ecb0f150aa7e7f6abf09f253c309d1c101395712,WBP - Filtered,Malini,Anisha,FTC,Romantasy,5.0 P3 Testing Candidates,5.3 P3 S1 In Progress,in_progress,4-15d,approved,active,Live contracted,ongoing,open_for_withdrawal,28-05-2026,01-06-2026,On,18-05-2026,18-05-2026,27-09-2026,266840,65343,33.821389,7,30,moderation_passed,10,21-05-2026,Pass,89,30,USA,testing_p3,,21-05-2026,17-06-2026,13-07-2026,28-08-2026,,,19-05-2026,28-05-2026,12-06-2026,01-07-2026,11-08-2026,16-09-2026,,19-06-2026,02-07-2026,13,US,passed,passed,passed,97,80,0.5375,0.4,30,Yes,Yes,02-07-2026,03-07-2026,1,US,passed,passed,passed,97,95,0.536842,0.4,70,Yes,Yes,03-07-2026,11-08-2026,39,US,passed,passed,passed,151,112,0.383929,0.26,100,Yes,Yes,11-08-2026,17-09-2026,37,US,progressed,,progressed,211,24,0.041667,0.16,200,Yes,No,17-09-2026,28-09-2026,11,US,in_progress,in_progress,in_progress,544,0,0,0.1,450,Yes,No,,,,,,,,,,,,,,,10,9,ROW,9,P3,Pending / Ongoing,P3 S1 In Progress
2969766ce2d0cd5c21da961666ea357622d5d073,The Magical Mystic Master,1a2a5dab101865bacb528259a040271ebdfc79b7,The Magical Mystic Master,d6213d1ab0728cb2533ce4e9dcc5fe210874eccc,WBP,Ankita,Cortney,No contest,Fantasy,5.0 P3 Testing Candidates,5.3 P3 S1 In Progress,in_progress,31-45d,approved,active,Live contracted,ongoing,open_for_withdrawal,31-10-2025,06-11-2025,Off,23-09-2025,23-09-2025,27-07-2026,771984,0,84.796389,0,0,moderation_passed,10,23-09-2025,,,30,,testing_p3,2026-08-12T06:03:01.000Z,23-09-2025,23-09-2025,08-10-2025,14-10-2025,07-11-2025,22-11-2025,23-09-2025,23-09-2025,23-09-2025,08-10-2025,12-10-2025,04-11-2025,15-11-2025,,,,,progressed,,,,,,,,,,23-09-2025,13-10-2025,20,,passed,passed,passed,,,,,,,,18-08-2026,18-08-2026,0,US,progressed,,progressed,0,0,0,,100,No,No,,,,,progressed,,,,,,,,,,18-08-2026,28-09-2026,41,US,in_progress,in_progress,in_progress,489,0,0,0.1,450,Yes,No,,,,,,,,,,,,,,,148,26,Nigeria,25,P3,Pending / Ongoing,P3 S1 In Progress
1f78098e196cc2154bbadfe054e0bdd13c10fa60,The Marriage Timer,ded28e7e86f4ffb1946e2757473928baa0e0bf28,The Marriage Timer,c335eac92bb5f226a9505cf7f01b3f6fe699e308,WBP,Tejaswini,Pragati,Non-FTC,Romance,5.0 P3 Testing Candidates,5.3 P3 S1 In Progress,in_progress,31-45d,approved,active,Completed,completion,open_for_withdrawal,16-01-2025,23-01-2025,Off,13-11-2024,13-11-2024,02-07-2025,351619,0,33.826944,0,0,moderation_passed,10,22-01-2026,,,28,,testing_p3,,15-11-2024,03-12-2024,02-01-2025,17-02-2025,19-04-2025,,14-11-2024,19-11-2024,04-12-2024,04-01-2025,21-02-2025,01-05-2025,,,,,,progressed,,,,,,,,,,06-12-2024,07-02-2025,63,,passed,passed,passed,,,,,,,,28-08-2026,28-08-2026,0,US,progressed,,progressed,0,0,0,,100,No,No,,,,,progressed,,,,,,,,,,28-08-2026,28-09-2026,31,US,in_progress,in_progress,in_progress,35,0,0,0.1,450,No,No,,,,,,,,,,,,,,,14,2,Nigeria,2,P3,Pending / Ongoing,P3 S1 In Progress
ad877b024bb7b2c30b52737ab2d9d8d49cc89f77,The Master at Heart Work,21cbb80eb94e6b4de7a0c13b5b6062e9afc0ec91,The Master at Heart Work,24ab7a73d981c0a3bb1482a8e3fef9a518100933,WBP,Apoorva,Cortney,Non-FTC,System and Superpower,5.0 P3 Testing Candidates,5.4 P3 S1 Paused,paused,31-45d,approved,active,Live contracted,ongoing,open_for_withdrawal,04-10-2025,10-10-2025,Off,02-08-2025,02-08-2025,21-02-2026,1064554,0,114.089722,0,0,moderation_passed,10,11-09-2025,,,30,,testing_p3,2026-02-16T06:37:35.000Z,03-08-2025,22-08-2025,01-09-2025,13-09-2025,29-09-2025,14-10-2025,03-08-2025,19-08-2025,22-08-2025,31-08-2025,13-09-2025,27-09-2025,11-10-2025,,,,,progressed,,,,,,,,,,22-08-2025,19-09-2025,28,,passed,passed,passed,,,,,,,,28-08-2026,28-08-2026,0,US,progressed,,progressed,0,0,0,,100,No,No,,,,,progressed,,,,,,,,,,28-08-2026,,,US,paused,paused,paused,0,0,0,,450,No,No,,,,,,,,,,,,,,,16,5,Germany,4,P3,Pending / Ongoing,P3 S1 Paused
8b0fd7aa03d26e2de1586a0fe7c91505431575cc,The Midnight Luna,87af92d38750667d60b4fa0428c647c4,The Midnight Luna,65ba07b32597fa250105f3d42a5972e3c4cf039d,WBP,Abhilash,Sumana,Non-FTC,Romantasy,5.0 P3 Testing Candidates,5.8 P3 S2 In Progress,in_progress,46-90d,approved,active,Live contracted,ongoing,open_for_withdrawal,13-07-2026,14-07-2026,On,17-06-2026,17-06-2026,27-09-2026,273478,86269,35.268611,7,30,moderation_passed,10,17-06-2026,,,0,,testing_p3,,17-06-2026,14-07-2026,29-07-2026,02-09-2026,,,17-06-2026,23-06-2026,10-07-2026,23-07-2026,18-08-2026,12-09-2026,,,,,,progressed,,,,,,,,,,,,,,progressed,,,,,,,,,,,,,,progressed,,,,,,,,,,,,,,progressed,,,,,,,,,,16-09-2026,28-09-2026,12,US,progressed,in_progress,in_progress,2030,1635,0.096024,0.1,2000,Yes,No,14-07-2026,16-09-2026,64,US,in_progress,in_progress,in_progress,2029,0,0,0.059,2000,Yes,No,3,3,Nigeria,2,P3,Pending / Ongoing,P3 S2 In Progress
8f0fa62650413483426bef0ac7d66ca7627ab11f,The Mind Reader: A Son-in-Law’s Revenge,b7adaa6980c25ed7444ed15e2e86d765e2637ae5,The Mind Reader: A Son-in-Law’s Revenge,94148708bb40e0a9f8b680d2d8a2db401b6fc29b,WBP,Souradeep,Divyansh,No contest,Drama,5.0 P3 Testing Candidates,5.3 P3 S1 In Progress,in_progress,31-45d,approved,active,Live contracted,ongoing,open_for_withdrawal,22-03-2024,26-03-2024,Off,25-02-2024,25-02-2024,07-09-2025,487887,0,47.290833,0,0,moderation_passed,10,21-09-2026,,,30,,testing_p3,2025-11-03T10:41:58.000Z,25-02-2024,23-03-2024,15-04-2024,02-06-2024,28-07-2024,14-09-2024,25-02-2024,01-03-2024,24-03-2024,16-04-2024,04-06-2024,02-08-2024,28-10-2024,,,,,progressed,,,,,,,,,,,,,,progressed,,,,,,,,,,28-08-2026,28-08-2026,0,US,progressed,,progressed,0,0,0,,100,No,No,,,,,progressed,,,,,,,,,,28-08-2026,28-09-2026,31,US,in_progress,in_progress,in_progress,229,0,0,0.1,450,No,No,,,,,,,,,,,,,,,23,3,Nigeria,3,P3,Pending / Ongoing,P3 S1 In Progress
1b5acb214bfe00156d933b176eef6987dcf9aa8c,The Night Forgotten by Us,7f8508971fec08c86d28bb25f2ae9d729951193c,The Night Forgotten by Us,78d9105ed7505308828e67d08fc6d68074527e90,WBP,Apoorva,Cortney,FTC,Romance,5.0 P3 Testing Candidates,5.3 P3 S1 In Progress,in_progress,46-90d,approved,active,Live contracted,ongoing,open_for_withdrawal,26-04-2026,04-05-2026,On,20-02-2026,20-02-2026,11-09-2026,383027,55980,45.028056,0,8,moderation_passed,10,20-02-2026,Pass,75.982,1,USA,testing_p3,,20-02-2026,18-03-2026,04-05-2026,16-06-2026,18-08-2026,,20-02-2026,20-02-2026,13-03-2026,13-04-2026,31-05-2026,28-06-2026,29-08-2026,18-03-2026,03-04-2026,16,US,passed,passed,passed,32,30,0.466667,0.4,30,Yes,Yes,03-04-2026,16-04-2026,13,US,passed,passed,passed,134,97,0.505155,0.4,70,Yes,Yes,03-05-2026,15-06-2026,43,US,passed,passed,passed,104,101,0.415842,0.26,100,Yes,Yes,15-06-2026,09-07-2026,24,US,progressed,,progressed,201,48,0.208333,0.16,200,Yes,No,09-07-2026,28-09-2026,81,US,in_progress,in_progress,in_progress,485,449,0.209354,0.1,450,Yes,No,,,,,,,,,,,,,,,4,2,Nigeria,2,P3,Pending / Ongoing,P3 S1 In Progress
54a2cb963cd2e93491b9f03d9cf379ed72d3271f,The One He Can't Break,68299976399184a12416b4aed06d4b0ded9ab268,The One He Can't Break,9d48ca0257ee0b5fd4fec9e880faeda2aa8c1bf9,WBP,Tejaswini,Pragati,Non-FTC,Romance,5.0 P3 Testing Candidates,5.3 P3 S1 In Progress,in_progress,31-45d,approved,active,Live contracted,ongoing,open_for_withdrawal,23-05-2025,03-06-2025,Off,06-03-2025,06-03-2025,26-09-2026,671628,20159,66.174722,5,9,moderation_passed,10,20-03-2026,,,15,,testing_p3,2026-02-17T06:20:38.000Z,08-03-2025,25-03-2025,05-05-2025,19-06-2025,02-08-2025,22-11-2025,08-03-2025,14-03-2025,25-03-2025,05-05-2025,18-06-2025,03-08-2025,23-11-2025,,,,,progressed,,,,,,,,,,02-04-2025,16-05-2025,44,,passed,passed,passed,,,,,,,,28-08-2026,28-08-2026,0,US,progressed,,progressed,0,0,0,,100,No,No,,,,,progressed,,,,,,,,,,28-08-2026,28-09-2026,31,US,in_progress,in_progress,in_progress,436,0,0,0.1,450,No,No,,,,,,,,,,,,,,,8,1,Nigeria,1,P3,Pending / Ongoing,P3 S1 In Progress
381f2f23cfe6043e04a4a705bfde2d0832cb6847,The Personal Maid,3257babda2043fc0823dec4de3dde6db607a98dd,The Personal Maid,02543644ead4c83cf2d199393efff7ad02e4b781,WBP,Sanskar,Aakash,No contest,Romance,5.0 P3 Testing Candidates,5.4 P3 S1 Paused,paused,31-45d,approved,active,Live contracted,ongoing,open_for_withdrawal,01-04-2024,09-04-2024,Off,21-02-2024,21-02-2024,15-06-2025,411329,0,37.200278,0,0,moderation_failed,0,,,,0,,testing_p3,2025-03-07T16:15:15.000Z,22-02-2024,11-03-2024,08-04-2024,20-11-2024,06-04-2025,06-06-2025,28-02-2024,28-02-2024,14-03-2024,09-04-2024,30-11-2024,24-04-2025,,,,,,progressed,,,,,,,,,,,,,,progressed,,,,,,,,,,28-08-2026,28-08-2026,0,US,progressed,,progressed,0,0,0,,100,No,No,,,,,progressed,,,,,,,,,,28-08-2026,,,US,paused,paused,paused,0,0,0,,450,No,No,,,,,,,,,,,,,,,3,1,Nigeria,1,P3,Pending / Ongoing,P3 S1 Paused
559db21e99cf5bc0720a814784386a0617e020b9,The Reborn Sovereign,aa2dd3cefe657ab55911bf62440dfc44,The Reborn Sovereign,03f62334534b539c6a6b033b424f8ceb0674d90b,FTC 1.0,Navya,Krithika,FTC,Fantasy,6.0 PPV,6.2 PPV,,16-30d,approved,active,Live contracted,ongoing,open_for_withdrawal,22-04-2026,07-05-2026,On,08-04-2026,08-04-2026,27-09-2026,793675,114574,93.006944,7,29,moderation_passed,10,08-04-2026,Pass,86,30,USA,ppv,,08-04-2026,19-04-2026,29-04-2026,16-05-2026,05-06-2026,28-06-2026,08-04-2026,09-04-2026,18-04-2026,26-04-2026,11-05-2026,28-05-2026,17-06-2026,20-04-2026,04-05-2026,14,US,passed,passed,passed,45,38,0.578947,0.4,30,Yes,Yes,04-05-2026,17-05-2026,13,US,passed,passed,passed,112,99,0.666667,0.4,70,Yes,Yes,17-05-2026,22-06-2026,36,US,passed,passed,passed,135,125,0.456,0.26,100,Yes,Yes,22-06-2026,07-07-2026,15,US,progressed,,progressed,220,0,0,0.16,200,Yes,No,07-07-2026,22-08-2026,46,US,passed,passed,passed,607,452,0.289823,0.1,450,Yes,Yes,22-08-2026,11-09-2026,20,US,passed,passed,passed,607,488,0.215164,0.059,450,Yes,Yes,15,8,India,8,PPV,Currently PPV,
b26d8e5052a2beb1af4ffc462d31141bb635a5b5,The Revenge Marriage,307c8726b96fd4500d89572db671655f,The Revenge Marriage,c00cf14ef8c21d1561badb10ba7c1e08a560d18f,WBP,Tejaswini,Pragati,Non-FTC,Romance,6.0 PPV,6.1 P3 Passed - Action Awaited,,0-3d,approved,active,Live contracted,ongoing,open_for_withdrawal,22-05-2026,23-06-2026,On,16-03-2026,16-03-2026,27-09-2026,916641,169310,100.084444,7,29,moderation_passed,10,19-03-2026,Pass,83,28,USA,action_needed_p3_passed,,19-03-2026,20-04-2026,16-05-2026,08-06-2026,23-06-2026,11-07-2026,16-03-2026,21-03-2026,17-04-2026,14-05-2026,05-06-2026,21-06-2026,06-07-2026,22-04-2026,05-05-2026,13,US,passed,passed,passed,79,50,0.52,0.4,30,Yes,Yes,05-05-2026,06-05-2026,1,US,passed,passed,passed,79,78,0.576923,0.4,70,Yes,Yes,15-05-2026,19-06-2026,35,US,passed,passed,passed,100,100,0.33,0.26,100,Yes,Yes,19-06-2026,28-07-2026,39,US,progressed,,progressed,218,12,0,0.16,200,Yes,No,28-07-2026,16-09-2026,50,US,passed,passed,passed,550,459,0.115468,0.1,450,Yes,Yes,16-09-2026,28-09-2026,12,US,passed,passed,passed,550,461,0.08243,0.059,450,Yes,Yes,6,2,Nigeria,2,PPV Action Awaited,,
7dcd0d4c632448440b17285c811990532a31efec,The Scentless Luna,58fe86900f5701391ce7cc0f74a9556e7e12f5fb,The Scentless Luna,c763703cd1ae265287a29a29e7d872a0181558bd,WBP - Filtered,Aakash,Aakash,Non-FTC,Romantasy,5.0 P3 Testing Candidates,5.3 P3 S1 In Progress,in_progress,4-15d,approved,active,Live contracted,ongoing,open_for_withdrawal,27-05-2026,01-06-2026,On,07-02-2026,07-02-2026,27-09-2026,586610,101186,73.428056,6,28,moderation_passed,10,08-02-2026,Pass,75.32,19,USA,testing_p3,,08-02-2026,24-02-2026,10-03-2026,14-04-2026,30-05-2026,26-07-2026,07-02-2026,08-02-2026,16-02-2026,05-03-2026,12-03-2026,06-05-2026,13-06-2026,06-03-2026,22-03-2026,16,US,passed,passed,passed,68,33,0.454545,0.4,30,Yes,Yes,22-03-2026,03-04-2026,12,US,passed,passed,passed,122,77,0.519481,0.4,70,Yes,Yes,03-04-2026,31-05-2026,58,US,passed,passed,passed,121,102,0.313725,0.26,100,Yes,Yes,31-05-2026,09-07-2026,39,US,progressed,,progressed,251,103,0.087379,0.16,200,Yes,No,23-09-2026,,5,US,in_progress,in_progress,in_progress,369,0,0,0.1,450,No,No,,,,,,,,,,,,,,,21,2,Nigeria,2,P3,Pending / Ongoing,P3 S1 In Progress
239987644f409ac822be4ca9051a98eb8bf7e766,The Silent Rebirth,6cae672cbede5f4a09e57c6d4eccdf5351445973,The Silent Rebirth,8e865e3f0b17142bda353d4e84367ddea873b55b,WBP,Chitra,Akash,No contest,Romantasy,6.0 PPV,6.2 PPV,,90+d,approved,active,Completed,completion,open_for_withdrawal,30-03-2025,02-04-2025,On,30-12-2024,30-12-2024,12-05-2026,980496,0,116.057222,0,0,moderation_passed,10,04-06-2026,,,0,,ppv,,31-12-2024,06-02-2025,29-03-2025,28-05-2025,18-07-2025,07-09-2025,30-12-2024,23-01-2025,04-02-2025,19-03-2025,16-05-2025,27-06-2025,13-08-2025,,,,,progressed,,,,,,,,,,20-01-2025,28-05-2025,128,,passed,passed,passed,,,,,,,,,,,,progressed,,,,,,,,,,28-05-2025,23-07-2025,56,,progressed,paused,paused,,,,,,,,,,,,progressed,,,,,,,,,,23-07-2025,04-10-2025,73,,passed,passed,passed,,,,,,,,9,4,Nigeria,4,PPV,Currently PPV,
248ba0ec55862a22dd7993c8b49d5f052ce03954,The Silent Sovereign,4629f9ae3fba1484c88d128ed25b6a0f,The Silent Sovereign,ac69da783d2a20d7c3bc0ea3ec6d2da99cdedba8,WBP - Filtered,Apoorva,Cortney Chapman,No contest,Fantasy,5.0 P3 Testing Candidates,5.3 P3 S1 In Progress,in_progress,31-45d,approved,active,Live contracted,ongoing,open_for_withdrawal,25-08-2026,31-08-2026,On,26-07-2026,26-07-2026,27-09-2026,626971,203282,86.818056,4,22,moderation_passed,10,26-07-2026,Pass,84,11,USA,testing_p3,,26-07-2026,26-07-2026,27-07-2026,30-07-2026,14-08-2026,26-08-2026,25-07-2026,26-07-2026,26-07-2026,27-07-2026,29-07-2026,30-07-2026,08-08-2026,29-07-2026,12-08-2026,14,US,passed,passed,passed,42,30,0.566667,0.4,30,Yes,Yes,12-08-2026,18-08-2026,6,US,progressed,,progressed,102,42,0.595238,0.4,70,Yes,No,18-08-2026,28-08-2026,10,US,progressed,,progressed,163,0,0,0.26,100,Yes,No,,,,,progressed,,,,,,,,,,28-08-2026,28-09-2026,31,US,in_progress,in_progress,in_progress,476,0,0,0.1,450,Yes,No,,,,,,,,,,,,,,,29,14,USA,12,P3,Pending / Ongoing,P3 S1 In Progress
158669d764d53a995f111683b8700642d7c4847c,The Silent Wife Strikes,035950c80b9b4cba8a707a9098c91d86b8f8462e,The Silent Wife Strikes,bcd65629816f995fe35ffc9d9994b0bed826b012,WBP,Tejaswini,Pragati,No contest,Romance,5.0 P3 Testing Candidates,5.4 P3 S1 Paused,paused,31-45d,approved,active,Live contracted,ongoing,open_for_withdrawal,20-11-2025,26-11-2025,Off,14-10-2025,14-10-2025,01-07-2026,352185,0,46.145556,0,0,moderation_passed,10,14-10-2025,,,9,,testing_p3,,14-10-2025,14-10-2025,16-11-2025,02-12-2025,30-06-2026,,14-10-2025,14-10-2025,14-10-2025,14-10-2025,22-11-2025,09-12-2025,20-12-2025,,,,,progressed,,,,,,,,,,03-11-2025,17-11-2025,14,,passed,passed,passed,,,,,,,,,,,,progressed,,,,,,,,,,17-11-2025,28-08-2026,284,US,progressed,paused,paused,,,,,,,,28-08-2026,,,US,paused,paused,paused,0,0,0,,450,No,No,,,,,,,,,,,,,,,116,13,Nigeria,13,P3,Pending / Ongoing,P3 S1 Paused
5276da779c8fe48836102d34eea2143d4421865c,The Single Father's Surrender,85a29a8b4fec343d94e2de2fa1223d0399155da0,The Single Father's Surrender,9705d909e06418d2025be98f6a856b1e12a0076a,WBP,Tushar,Aakash,No contest,Romance,5.0 P3 Testing Candidates,5.3 P3 S1 In Progress,in_progress,31-45d,approved,active,Live contracted,ongoing,open_for_withdrawal,10-07-2024,11-07-2024,Off,18-05-2024,22-05-2024,16-06-2026,471844,0,60.380833,0,0,moderation_passed,10,22-02-2026,,,30,,testing_p3,2026-04-05T06:21:10.000Z,22-05-2024,07-07-2024,04-08-2024,28-02-2026,14-03-2026,26-03-2026,22-05-2024,24-05-2024,15-06-2024,26-07-2024,25-02-2026,08-03-2026,14-03-2026,,,,,progressed,,,,,,,,,,26-11-2025,26-02-2026,92,,passed,passed,passed,,,,,,,,28-08-2026,28-08-2026,0,US,progressed,progressed,progressed,0,0,0,,100,No,No,,,,,progressed,,,,,,,,,,28-08-2026,28-09-2026,31,US,in_progress,in_progress,in_progress,331,0,0,0.1,450,No,No,,,,,,,,,,,,,,,39,5,Nigeria,5,P3,Pending / Ongoing,P3 S1 In Progress
75537e31c1c79bdbb6ca1cd286c8e6bcb2697a51,The Story of the CEO and the Heiress,ff3d22ffb59d49abee0d2422fe672cd305e26f65,The Story of the CEO and the Heiress,28331d9bb94e4805f26db731b2aa62aa756b716a,WBP,Chitra,Akash,No contest,Romance,6.0 PPV,6.2 PPV,,90+d,approved,active,Completed,completion,open_for_withdrawal,01-04-2024,03-04-2024,On,28-01-2024,06-02-2024,18-10-2025,1007472,0,95.628889,0,0,moderation_passed,10,,,,0,,ppv,,11-02-2024,26-03-2024,20-04-2024,06-06-2024,19-07-2024,03-09-2024,12-02-2024,19-02-2024,26-03-2024,23-04-2024,11-06-2024,29-07-2024,19-09-2024,,,,,progressed,,,,,,,,,,,,,,progressed,,,,,,,,,,,,,,progressed,,,,,,,,,,,,,,progressed,,,,,,,,,,,,,,progressed,,,,,,,,,,26-11-2024,09-01-2025,44,,passed,passed,passed,,,,,,,,2,1,UK,1,PPV,Currently PPV,
a6268ee1800866a09bab6b47c61f885556992b45,The System Creation: Intergalactic Entry,01b23f5c1353fbe6561b4ad1c2b724a3d9c549e2,The System Creation: Intergalactic Entry,330ef5c816a62fc19b41bd5f5e0d46910fd7a9de,WBP,Nihar,Sumana,No contest,System and Superpower,6.0 PPV,6.2 PPV,,90+d,approved,active,Live contracted,ongoing,open_for_withdrawal,28-04-2024,06-05-2024,On,18-03-2024,18-03-2024,27-09-2026,3370412,102005,325.7725,7,30,moderation_passed,10,26-11-2025,,,30,,ppv,,18-03-2024,28-03-2024,12-04-2024,10-05-2024,06-06-2024,06-07-2024,18-03-2024,21-03-2024,30-03-2024,19-04-2024,19-05-2024,21-06-2024,24-07-2024,,,,,,,,,,,,,,,,,,,,,,,,,,,,,,,,,,,,,,,,,,,,,,,,,,,,,,,,,,,,,,,,,,,,,,,,,,,progressed,,,,,,,,,,3,1,USA,1,PPV,Currently PPV,
42515091e7b47b7b2d2381d7512fdb9f9866aa1e,The Tomboy Love Story,9401f8af4b8c7f1a29e046ac0926767ce8b1ba91,The Tomboy Love Story,12f9f3e9a1f5de8f370311b69d9f024cab2bc7c7,WBP,,,No contest,Romance,5.0 P3 Testing Candidates,5.3 P3 S1 In Progress,in_progress,46-90d,approved,active,Live contracted,ongoing,open_for_withdrawal,20-04-2026,23-06-2026,On,15-01-2026,15-01-2026,27-09-2026,703045,100234,81.020278,7,25,moderation_passed,10,19-01-2026,Pass,70.378,0,USA,testing_p3,,15-01-2026,26-02-2026,12-03-2026,25-04-2026,27-05-2026,28-06-2026,15-01-2026,26-01-2026,24-02-2026,08-03-2026,08-04-2026,17-05-2026,11-06-2026,27-02-2026,13-03-2026,14,US,passed,passed,passed,62,38,0.5,0.4,30,Yes,Yes,13-03-2026,31-03-2026,18,US,passed,passed,passed,203,98,0.438776,0.4,70,Yes,Yes,10-07-2026,28-07-2026,18,US,progressed,,progressed,106,0,0,0.26,100,Yes,No,,,,,progressed,,,,,,,,,,28-07-2026,28-09-2026,62,US,in_progress,in_progress,in_progress,457,372,0.139785,0.1,450,Yes,No,,,,,,,,,,,,,,,8,3,Nigeria,3,P3,Pending / Ongoing,P3 S1 In Progress
b4ba67822e15bf23c0044676b09f1aeb405d154f,The Twin Affair,96a3093868cc9ea68c7c4b755e7ce3eee8ce4085,The Twin Affair,60e983822428e6c8e9fbd3f6307d5855ce5010ba,WBP,Krithika,Krithika,Non-FTC,Romantasy,5.0 P3 Testing Candidates,5.8 P3 S2 In Progress,in_progress,90+d,approved,active,Live contracted,ongoing,open_for_withdrawal,04-10-2024,07-10-2024,Off,14-08-2024,14-08-2024,19-08-2026,347709,0,44.857222,0,0,moderation_passed,10,08-01-2026,Pass,68.386,0,USA,testing_p3,,22-08-2024,23-09-2024,22-10-2024,27-12-2024,06-04-2026,,21-08-2024,27-08-2024,15-09-2024,11-10-2024,29-11-2024,22-01-2025,29-04-2026,,,,,progressed,,,,,,,,,,,,,,progressed,,,,,,,,,,,,,,progressed,,,,,,,,,,21-11-2025,21-11-2025,0,,progressed,paused,paused,,,,,,,,,,,,progressed,,,,,,,,,,21-11-2025,,,US,in_progress,in_progress,in_progress,,,,,,,,2,1,Nigeria,1,P3,Pending / Ongoing,P3 S2 In Progress
7315dca13e406894d8407cd6d050c5d3b69eec10,The Uncle Who Chose Me,40bff1b5223322dcd0d05452d4998e59,The Uncle Who Chose Me,3e0dd30915b39f06c0d43fa614d5c60a087423ae,WBP - Filtered,,Manaswini,Non-FTC,Romance,5.0 P3 Testing Candidates,5.3 P3 S1 In Progress,in_progress,46-90d,approved,active,Live contracted,ongoing,open_for_withdrawal,09-09-2026,21-09-2026,On,13-05-2026,13-05-2026,27-09-2026,492881,112819,61.858056,7,27,moderation_passed,10,15-05-2026,Pass,80,4,ROW,testing_p3,,15-05-2026,24-05-2026,03-06-2026,04-07-2026,05-08-2026,05-09-2026,15-05-2026,16-05-2026,23-05-2026,01-06-2026,24-06-2026,20-07-2026,11-08-2026,26-05-2026,10-06-2026,15,ROW,passed,passed,passed,153,72,0.375,0.265319,30,Yes,Yes,10-06-2026,11-06-2026,1,ROW,passed,passed,passed,144,83,0.385542,0.265319,70,Yes,Yes,11-06-2026,06-07-2026,25,ROW,passed,passed,passed,413,258,0.263566,0.077458,100,Yes,Yes,06-07-2026,28-07-2026,22,ROW,progressed,,progressed,412,32,0.125,0.010416,200,Yes,No,28-07-2026,28-09-2026,62,US,in_progress,in_progress,in_progress,504,414,0.074879,0.1,450,Yes,No,,,,,,,,,,,,,,,10,3,ROW,3,P3,Pending / Ongoing,P3 S1 In Progress
2b967281ca19c941aa99d03c959adaf6349da9b3,The Unlikely Heiress,1721654d7d779c486241a9af96baf4743b62d447,The Unlikely Heiress,6555cd9f4d3d80888967c2e756561621352f659a,WBP,Ashi,Harley,Non-FTC,Romance,6.0 PPV,6.2 PPV,,90+d,approved,active,Live contracted,ongoing,open_for_withdrawal,17-07-2024,18-07-2024,On,26-06-2024,26-06-2024,27-09-2026,735652,17535,75.974722,4,17,moderation_passed,10,26-11-2025,,,0,,ppv,2025-04-23T06:03:42.000Z,29-06-2024,25-07-2024,19-08-2024,25-10-2024,12-12-2024,30-01-2025,29-06-2024,10-07-2024,25-07-2024,17-08-2024,23-10-2024,10-12-2024,29-01-2025,,,,,progressed,,,,,,,,,,,,,,progressed,,,,,,,,,,,,,,progressed,,,,,,,,,,09-07-2025,10-07-2025,1,,progressed,paused,paused,,,,,,,,,,,,progressed,,,,,,,,,,10-07-2025,07-09-2025,59,,passed,passed,passed,,,,,,,,13,1,Nigeria,1,PPV,Currently PPV,
91df72ab8ef7c2a2797ba2a98264b6e4037cebc4,The Upgrade Gamer,8e20b9d37a12a4a51d6d5e33acce01b9,The Upgrade Gamer,28c03333de144c90d5131970b51ff0fb83a21a99,WBP - Filtered,Asif,Krithika,Non-FTC,System and Superpower,5.0 P3 Testing Candidates,5.3 P3 S1 In Progress,in_progress,31-45d,approved,active,Live contracted,ongoing,open_for_withdrawal,29-08-2026,02-09-2026,On,05-07-2026,05-07-2026,27-09-2026,441347,157060,49.303333,7,25,moderation_passed,10,06-07-2026,Pass (Holdout),67,9,USA,testing_p3,,05-07-2026,09-07-2026,18-07-2026,26-07-2026,02-09-2026,23-09-2026,05-07-2026,05-07-2026,07-07-2026,17-07-2026,24-07-2026,15-08-2026,12-09-2026,12-07-2026,25-07-2026,13,US,passed,passed,passed,62,59,0.457627,0.4,30,Yes,Yes,25-07-2026,28-07-2026,3,US,progressed,,progressed,82,62,0.451613,0.4,70,Yes,No,28-07-2026,27-08-2026,30,US,passed,passed,passed,123,106,0.424528,0.26,100,Yes,Yes,27-08-2026,28-08-2026,1,US,progressed,,progressed,123,0,0,0.16,200,No,No,28-08-2026,28-09-2026,31,US,in_progress,in_progress,in_progress,496,0,0,0.1,450,Yes,No,,,,,,,,,,,,,,,5,2,USA,2,P3,Pending / Ongoing,P3 S1 In Progress
a0f8c5bd5bdb02bdaa499febc39e36611127769b,The Wedding He Stole,f04d4539aac79926d630ffc214621765,The Wedding He Stole,814c0b8c44aa98f0b485e0b3d9d55b8116b4aaab,FTC 2.0,Divyansh,Nimit,FTC,Romance,5.0 P3 Testing Candidates,5.3 P3 S1 In Progress,in_progress,31-45d,approved,active,Live contracted,ongoing,open_for_withdrawal,15-06-2026,18-06-2026,On,27-05-2026,27-05-2026,27-09-2026,293364,72973,41.616667,7,27,moderation_passed,10,27-05-2026,Pass,75,30,ROW,testing_p3,,27-05-2026,14-06-2026,05-07-2026,20-08-2026,,,27-05-2026,29-05-2026,08-06-2026,21-06-2026,26-07-2026,27-08-2026,23-09-2026,16-06-2026,29-06-2026,13,ROW,passed,passed,passed,196,96,0.229167,0.170894,30,Yes,Yes,29-06-2026,07-07-2026,8,ROW,passed,passed,passed,86,78,0.294872,0.170894,70,Yes,Yes,07-07-2026,31-07-2026,24,ROW,passed,passed,passed,345,101,0.237624,0.077458,100,Yes,Yes,31-07-2026,25-08-2026,25,ROW,passed,passed,passed,352,251,0.083665,0.010416,200,Yes,Yes,25-08-2026,28-09-2026,34,US,in_progress,in_progress,in_progress,498,0,0,0.1,450,Yes,No,,,,,,,,,,,,,,,71,60,Nigeria,53,P3,Pending / Ongoing,P3 S1 In Progress
87b65acb9b6fcd4bc45f30d46f017fa847a0ce3c,The Wife's Sweet Revenge,bb87d75e04f9a8ef9221f097f8acb689,The Wife's Sweet Revenge,de8707dff13141b61b2f7127df6fda648ef9a7ad,FTC 3.0,Divyansh,Nimit,Non-FTC,Romance,5.0 P3 Testing Candidates,5.3 P3 S1 In Progress,in_progress,4-15d,approved,active,Live contracted,ongoing,open_for_withdrawal,09-09-2026,16-09-2026,On,24-07-2026,25-07-2026,27-09-2026,311437,171238,34.290556,7,30,moderation_passed,10,01-08-2026,Pass,79,1,USA,testing_p3,2026-08-15T16:00:25.000Z,25-07-2026,08-08-2026,20-08-2026,11-09-2026,25-09-2026,,24-07-2026,30-07-2026,07-08-2026,18-08-2026,08-09-2026,22-09-2026,,15-08-2026,15-08-2026,0,US,failed,failed,failed,0,0,0,,30,No,No,,,,,progressed,,,,,,,,,,28-08-2026,24-09-2026,27,US,progressed,,progressed,121,0,0,0.26,100,Yes,No,,,,,progressed,,,,,,,,,,24-09-2026,28-09-2026,4,US,in_progress,in_progress,in_progress,78,0,0,0.1,450,No,No,,,,,,,,,,,,,,,4,3,Nigeria,3,P3,Pending / Ongoing,P3 S1 In Progress
9d3f3024e967ac2c104ada98aa10c481cd0f9e38,The Wrong Mrs. Carter,90ef36708184a15495792cfa6bb657d6cecf4bf4,The Wrong Mrs. Carter,2b27b8f3d0f64701554793f81a192e870a996a3d,WBP,Tejaswini,Pragati,No contest,Romance,5.0 P3 Testing Candidates,5.3 P3 S1 In Progress,in_progress,31-45d,approved,active,Live contracted,ongoing,open_for_withdrawal,25-01-2026,02-02-2026,Off,28-11-2025,28-11-2025,23-09-2026,321329,9723,47.923889,3,3,moderation_passed,10,28-11-2025,,,30,,testing_p3,2026-03-27T06:50:51.000Z,28-11-2025,30-11-2025,03-02-2026,12-02-2026,18-03-2026,,28-11-2025,28-11-2025,28-11-2025,14-01-2026,06-02-2026,12-02-2026,14-03-2026,,,,,progressed,,,,,,,,,,29-11-2025,19-01-2026,51,,passed,passed,passed,,,,,,,,28-08-2026,28-08-2026,0,US,progressed,progressed,progressed,0,0,0,,100,No,No,,,,,progressed,,,,,,,,,,28-08-2026,28-09-2026,31,US,in_progress,in_progress,in_progress,119,0,0,0.1,450,No,No,,,,,,,,,,,,,,,54,13,Nigeria,13,P3,Pending / Ongoing,P3 S1 In Progress
562f725dcc83392df0b3d429b6d1ff538f81e71b,Their Contracted Hearts,6a8d04d35d009ddb952245b219922edd771fe7aa,Their Contracted Hearts,7de1babe0a28532ddc1c82725982d196701f79b5,WBP,Ankita,Cortney,No contest,Romance,5.0 P3 Testing Candidates,5.3 P3 S1 In Progress,in_progress,31-45d,approved,active,Live contracted,ongoing,open_for_withdrawal,23-12-2025,09-01-2026,Off,22-10-2025,22-10-2025,26-09-2026,598861,75249,75.472778,6,29,moderation_passed,10,23-10-2025,,,23,,testing_p3,2026-04-23T06:25:31.000Z,22-10-2025,27-10-2025,30-10-2025,24-12-2025,20-01-2026,05-03-2026,22-10-2025,23-10-2025,25-10-2025,28-10-2025,15-12-2025,30-12-2025,23-01-2026,,,,,progressed,,,,,,,,,,06-11-2025,26-11-2025,20,,passed,passed,passed,,,,,,,,18-08-2026,18-08-2026,0,US,progressed,,progressed,0,0,0,,100,No,No,,,,,progressed,,,,,,,,,,18-08-2026,28-09-2026,41,US,in_progress,in_progress,in_progress,497,0,0,0.1,450,Yes,No,,,,,,,,,,,,,,,7,1,Nigeria,1,P3,Pending / Ongoing,P3 S1 In Progress
b7e62e1ec65efcef334c2161afd00edf7b5a2b09,Thrones and Passion,5a6be84818f5ec3f81092cef84d5d31d,Thrones and Passion,41c59a3aa536ae1e69491862c3fd0657695371ef,FTC 1.0,Chitra,Akash,FTC,Romance,5.0 P3 Testing Candidates,5.3 P3 S1 In Progress,in_progress,31-45d,approved,active,Live contracted,ongoing,open_for_withdrawal,22-04-2026,07-05-2026,On,10-04-2026,10-04-2026,27-09-2026,414993,85853,52.906111,6,26,moderation_passed,10,11-04-2026,Pass,83,0,USA,testing_p3,2026-07-07T06:11:59.000Z,10-04-2026,24-04-2026,12-05-2026,24-06-2026,17-08-2026,25-09-2026,10-04-2026,11-04-2026,22-04-2026,05-05-2026,05-06-2026,14-07-2026,22-08-2026,29-05-2026,29-05-2026,0,US,progressed,progressed,progressed,0,0,0,,30,No,No,,,,,progressed,,,,,,,,,,28-08-2026,28-08-2026,0,US,progressed,progressed,progressed,0,0,0,,100,No,No,,,,,progressed,,,,,,,,,,28-08-2026,28-09-2026,31,US,in_progress,in_progress,in_progress,484,0,0,0.1,450,Yes,No,,,,,,,,,,,,,,,12,4,Nigeria,3,P3,Pending / Ongoing,P3 S1 In Progress
f32ed59a93a11812f5a5a57e2c663028b1c65f89,Trillionaire Sterling,8c1703dfce33e24b19fbcc712c5e3b9468bad845,Trillionaire Sterling,bcf994f301ae8ef582824ea869dd50f81056d83f,WBP,Chitra,Akash,No contest,Fantasy,6.0 PPV,6.2 PPV,,90+d,approved,active,Live contracted,ongoing,open_for_withdrawal,08-06-2025,09-06-2025,On,18-04-2025,18-04-2025,07-09-2026,882433,12458,102.735278,0,4,moderation_passed,10,16-08-2026,Pass,80,26,USA,ppv,,23-04-2025,19-05-2025,10-06-2025,21-07-2025,05-09-2025,30-10-2025,22-04-2025,28-04-2025,15-05-2025,03-06-2025,06-07-2025,14-08-2025,27-09-2025,,,,,progressed,,,,,,,,,,07-05-2025,25-05-2025,18,,passed,passed,passed,,,,,,,,01-06-2026,01-06-2026,0,US,progressed,,progressed,0,0,0,,100,No,No,,,,,progressed,,,,,,,,,,01-06-2026,15-06-2026,14,US,progressed,,progressed,396,0,0,0.1,450,No,No,,,,,progressed,,,,,,,,,,9,3,Nigeria,3,PPV,Currently PPV,
a4dd4053a025d38e2c0410dbcf348862c41c4c5b,"Twin Betrayal, Enemy Love",7b0c5d65838c62169f2bebff83d86f11,"Twin Betrayal, Enemy Love",729cec44baa002ec24c4684d0a0e7089e797c7a1,WBP,Srijita Ghosh,Pragati,No contest,Romance,5.0 P3 Testing Candidates,5.8 P3 S2 In Progress,in_progress,4-15d,approved,active,Live contracted,ongoing,open_for_withdrawal,21-05-2026,23-06-2026,Off,01-04-2026,01-04-2026,27-09-2026,715014,80938,78.445278,7,29,moderation_passed,10,02-04-2026,Pass,88,30,USA,testing_p3,,02-04-2026,06-04-2026,11-04-2026,21-04-2026,13-05-2026,20-06-2026,02-04-2026,02-04-2026,06-04-2026,11-04-2026,19-04-2026,02-05-2026,06-06-2026,07-04-2026,02-05-2026,25,US,passed,passed,passed,43,33,0.454545,0.4,30,Yes,Yes,02-05-2026,15-05-2026,13,US,passed,passed,passed,131,104,0.490385,0.4,70,Yes,Yes,15-05-2026,11-06-2026,27,US,passed,passed,passed,117,103,0.368932,0.26,100,Yes,Yes,11-06-2026,09-07-2026,28,US,progressed,,progressed,209,117,0.25641,0.16,200,Yes,No,09-07-2026,24-09-2026,77,US,passed,passed,passed,470,450,0.117778,0.1,450,Yes,Yes,24-09-2026,28-09-2026,4,US,in_progress,in_progress,in_progress,470,373,0.08311,0.059,450,Yes,No,5,2,ROW,2,P3,Pending / Ongoing,P3 S2 In Progress
234ed47144507d63e9a903acfe37512c24bc9290,Twists of Love & Revenge,761e729cc8e03492d7bf1d79d55e2dc5446d3968,Twists of Love & Revenge,d4a94392f874e651a4b2e29b084d8723abfa9122,WBP,Chitra,Akash,No contest,Drama,6.0 PPV,6.2 PPV,,90+d,approved,active,Live contracted,ongoing,open_for_withdrawal,23-01-2025,10-02-2025,Off,26-11-2024,26-11-2024,25-09-2026,1958531,6399,205.671667,3,4,moderation_passed,10,17-08-2026,,,14,,ppv,,26-11-2024,17-12-2024,09-01-2025,16-02-2025,11-03-2025,07-04-2025,26-11-2024,27-11-2024,16-12-2024,06-01-2025,12-02-2025,07-03-2025,05-04-2025,,,,,progressed,,,,,,,,,,16-12-2024,04-02-2025,50,,passed,passed,passed,,,,,,,,,,,,progressed,,,,,,,,,,04-02-2025,27-05-2025,112,,passed,passed,passed,,,,,,,,,,,,progressed,,,,,,,,,,28-05-2025,03-07-2025,36,,passed,passed,passed,,,,,,,,9,2,India,2,PPV,Currently PPV,
ddcfd794c1c386caa644e2b1d2379bfcd4efb154,Tycoons Love Swindled,af398402ee57c89b7ce67ce87042865a9e04e533,Tycoons Love Swindled,e95ed932edeb44909e7488893407cbb55babe290,WBP,Manmohan,Aakash,Non-FTC,Drama,5.0 P3 Testing Candidates,5.3 P3 S1 In Progress,in_progress,16-30d,approved,active,Completed,completion,open_for_withdrawal,12-12-2024,16-12-2024,Off,23-10-2024,23-10-2024,09-06-2025,700253,0,69.111111,0,0,moderation_failed,0,,,,28,,testing_p3,2025-05-13T16:00:04.000Z,23-10-2024,24-10-2024,07-11-2024,27-12-2024,06-02-2025,03-04-2025,23-10-2024,23-10-2024,24-10-2024,08-11-2024,28-12-2024,13-02-2025,04-04-2025,,,,,progressed,,,,,,,,,,,,,,progressed,,,,,,,,,,07-09-2026,07-09-2026,0,US,progressed,,progressed,0,0,0,,100,No,No,,,,,progressed,,,,,,,,,,07-09-2026,28-09-2026,21,US,in_progress,in_progress,in_progress,42,0,0,0.1,450,No,No,,,,,,,,,,,,,,,26,6,ROW,6,P3,Pending / Ongoing,P3 S1 In Progress
d4bf13e8bbfcd2fa5b75aa042e47479d3a06188b,Undead Tamer's Necro Pets,4febf152687161473518d97d8ad2eda8,Undead Tamer's Necro Pets,2d9ffdc511f80f5215133bf5eb6d609cbea619ca,WBP,Nihar,Sumana,No contest,Fantasy,5.0 P3 Testing Candidates,5.8 P3 S2 In Progress,in_progress,90+d,approved,active,Live contracted,ongoing,open_for_withdrawal,18-05-2026,25-05-2026,Off,01-05-2026,01-05-2026,02-09-2026,286777,4120,30.243333,0,3,moderation_passed,10,01-05-2026,Pass,73,0,ROW,testing_p3,,01-05-2026,20-05-2026,11-06-2026,23-07-2026,,,01-05-2026,07-05-2026,18-05-2026,08-06-2026,19-07-2026,30-08-2026,,,,,,progressed,,,,,,,,,,,,,,progressed,,,,,,,,,,,,,,progressed,,,,,,,,,,,,,,progressed,,,,,,,,,,16-09-2026,28-09-2026,12,US,failed,failed,failed,2031,2023,0.031142,0.1,2000,Yes,Yes,26-05-2026,16-09-2026,113,US,in_progress,in_progress,in_progress,2031,0,0,0.059,2000,Yes,No,1,1,ROW,1,P3,Pending / Ongoing,P3 S2 In Progress
69e29d606b65c300fffe9a9af149d4b81b170a78,Unexpectedly Entwined,79d868a90894da210d93c6d1b78e9d2f8f424d30,Unexpectedly Entwined,d4827a7aa0ae47abe34ad5c41a85a551d468dc94,WBP,Tushar,Aakash,Non-FTC,Romance,5.0 P3 Testing Candidates,5.4 P3 S1 Paused,paused,16-30d,approved,active,Live contracted,ongoing,open_for_withdrawal,18-09-2025,29-09-2025,Off,28-07-2025,28-07-2025,22-05-2026,670082,0,70.178611,0,0,moderation_passed,10,01-08-2025,,,0,,testing_p3,2026-02-23T07:07:53.000Z,28-07-2025,07-08-2025,30-08-2025,04-10-2025,03-12-2025,14-01-2026,28-07-2025,02-08-2025,07-08-2025,28-08-2025,02-10-2025,22-10-2025,12-01-2026,,,,,progressed,,,,,,,,,,01-08-2025,04-09-2025,34,,passed,passed,passed,,,,,,,,08-09-2026,08-09-2026,0,US,progressed,,progressed,0,0,0,,100,No,No,,,,,progressed,,,,,,,,,,08-09-2026,,,US,paused,paused,paused,0,0,0,,450,No,No,,,,,,,,,,,,,,,24,6,Nigeria,4,P3,Pending / Ongoing,P3 S1 Paused
d687598bacfd959af85400d722a39d5e62aad513,Unexpectedly Mine,8725e9425232ea5223c90cd8b3f17867da3408d0,Unexpectedly Mine,b4f732c8a431184eef2b6d6eff5aded8791995cc,WBP,Chitra,Akash,Non-FTC,Romance,6.0 PPV,6.2 PPV,,90+d,approved,active,Live contracted,ongoing,open_for_withdrawal,08-08-2024,09-08-2024,On,06-07-2024,06-07-2024,27-09-2026,1541733,55407,171.610278,6,26,moderation_passed,10,27-11-2025,,,0,,ppv,,09-07-2024,01-08-2024,27-08-2024,21-10-2024,10-12-2024,28-01-2025,09-07-2024,15-07-2024,30-07-2024,21-08-2024,09-10-2024,23-11-2024,06-01-2025,,,,,progressed,,,,,,,,,,,,,,progressed,,,,,,,,,,,,,,progressed,,,,,,,,,,23-04-2025,23-04-2025,0,,progressed,paused,paused,,,,,,,,,,,,progressed,,,,,,,,,,23-04-2025,04-06-2025,42,,passed,passed,passed,,,,,,,,1,1,Nigeria,1,PPV,Currently PPV,
7b3a625b0f5bbaa9080a6795b2d70e994716f8a5,Unexpectedly Yours,8909032a13a4d8345802cb8de877e7a8,Unexpectedly Yours,1d78af9738e1af7bfbc256bc78a132a6f9ba950b,FTC 3.0,Sahil,Sumana,Non-FTC,Romance,5.0 P3 Testing Candidates,5.3 P3 S1 In Progress,in_progress,4-15d,approved,active,Live contracted,ongoing,open_for_withdrawal,02-07-2026,16-08-2026,On,03-04-2026,05-04-2026,27-09-2026,323345,53592,39.281944,7,25,moderation_passed,10,05-04-2026,Pass,83,0,USA,testing_p3,,05-04-2026,16-05-2026,04-06-2026,27-07-2026,17-09-2026,,05-04-2026,06-04-2026,15-05-2026,04-06-2026,22-07-2026,17-08-2026,,18-05-2026,31-05-2026,13,US,passed,passed,passed,52,39,0.410256,0.4,30,Yes,Yes,31-05-2026,13-06-2026,13,US,passed,passed,passed,80,75,0.413333,0.4,70,Yes,Yes,13-06-2026,25-08-2026,73,US,passed,passed,passed,101,100,0.26,0.26,100,Yes,Yes,25-08-2026,17-09-2026,23,US,progressed,,progressed,52,23,0.130435,0.16,200,No,No,17-09-2026,28-09-2026,11,US,in_progress,in_progress,in_progress,110,0,0,0.1,450,No,No,,,,,,,,,,,,,,,1,1,Nigeria,1,P3,Pending / Ongoing,P3 S1 In Progress
57ebfa5b58a3257a521a5b9c12c5af19771e4403,Unmasking the Bride,86469a27810fd73f47be3d02d1b94bb5b909f9bb,Unmasking the Bride,e95ed932edeb44909e7488893407cbb55babe290,WBP,Manmohan,Aakash,No contest,Romance,5.0 P3 Testing Candidates,5.4 P3 S1 Paused,paused,46-90d,approved,active,Live contracted,ongoing,open_for_withdrawal,09-06-2025,13-06-2025,Off,05-02-2025,05-02-2025,31-07-2025,331340,0,33.380556,0,0,moderation_passed,10,06-01-2026,,,28,,testing_p3,,05-02-2025,12-02-2025,02-03-2025,09-06-2025,15-07-2025,,05-02-2025,06-02-2025,12-02-2025,03-03-2025,09-06-2025,14-07-2025,,,,,,progressed,,,,,,,,,,06-02-2025,15-06-2025,129,,passed,passed,passed,,,,,,,,11-12-2025,28-07-2026,229,US,passed,passed,passed,0,0,0,,100,No,No,,,,,progressed,,,,,,,,,,28-07-2026,,,US,paused,paused,paused,0,0,0,,450,No,No,,,,,,,,,,,,,,,26,8,ROW,8,P3,Pending / Ongoing,P3 S1 Paused
1ca4f3c3b8e200f37ec14ed7a11442df6a65f4e6,Unstoppable Cultivator,9155b668c5c145b7785ae09ea05749118ed5d2e2,Unstoppable Cultivator,614ba488c9bcb5cde446262a01b8cfffa315fbd1,WBP,Asif,Krithika,Non-FTC,Fantasy,5.0 P3 Testing Candidates,5.3 P3 S1 In Progress,in_progress,31-45d,approved,active,Live contracted,ongoing,open_for_withdrawal,26-10-2025,16-02-2026,Off,01-08-2025,08-08-2025,18-09-2026,634729,114559,83.851389,0,3,moderation_passed,10,12-09-2025,,,0,,testing_p3,,14-08-2025,27-09-2025,27-09-2025,16-10-2025,27-10-2025,27-05-2026,14-08-2025,26-09-2025,26-09-2025,27-09-2025,30-09-2025,16-10-2025,27-10-2025,,,,,progressed,,,,,,,,,,27-09-2025,12-10-2025,15,,passed,passed,passed,,,,,,,,,,,,progressed,,,,,,,,,,03-11-2025,,,ROW,progressed,paused,paused,,,,,,,,28-08-2026,28-09-2026,31,US,in_progress,in_progress,in_progress,452,0,0,0.1,450,Yes,No,,,,,,,,,,,,,,,4,1,Nigeria,1,P3,Pending / Ongoing,P3 S1 In Progress
8bba1c491698de2d4d33abe2f115e5d666e141b2,Until He Remembers Me,773855ac884094c5acf5c23ad4bf31142a529b81,Until He Remembers Me,2fb279c194fd358e6da2f018583715bbb22426be,WBP,Souradeep,Divyansh,No contest,Romance,5.0 P3 Testing Candidates,5.3 P3 S1 In Progress,in_progress,16-30d,approved,active,Live contracted,ongoing,open_for_withdrawal,25-06-2025,27-06-2025,On,18-03-2025,18-03-2025,27-09-2026,343298,110015,35.756667,7,25,moderation_passed,10,20-05-2025,,,23,,testing_p3,,20-03-2025,09-05-2025,13-06-2025,18-07-2025,11-09-2026,,20-03-2025,30-04-2025,09-05-2025,13-06-2025,18-07-2025,10-09-2026,,,,,,progressed,,,,,,,,,,20-05-2025,13-06-2025,24,,passed,passed,passed,,,,,,,,11-12-2025,05-09-2026,268,ROW,passed,passed,passed,470,444,0.261261,0.208,100,Yes,Yes,05-09-2026,06-09-2026,1,ROW,passed,passed,passed,497,443,0.158014,0.128,200,Yes,Yes,10-09-2026,28-09-2026,18,US,in_progress,in_progress,in_progress,43,0,0,0.1,450,No,No,,,,,,,,,,,,,,,17,15,Nigeria,14,P3,Pending / Ongoing,P3 S1 In Progress
daa40d9ff542ace7e27440803ddf4307bbd54bdd,Villain's Harem,89572fe66549e404a3fbd6d1e0a20ec6,Villain's Harem,57f93c820fff6dfb64596dd406bb47ef6613bb01,WBP - Filtered,Gaurav,Krithika,FTC,Romantasy,5.0 P3 Testing Candidates,5.3 P3 S1 In Progress,in_progress,16-30d,approved,active,Live contracted,ongoing,open_for_withdrawal,15-06-2026,01-07-2026,On,03-06-2026,03-06-2026,26-09-2026,301259,120895,41.358056,6,29,moderation_passed,10,03-06-2026,Pass,87,6,USA,testing_p3,2026-07-03T06:08:27.000Z,03-06-2026,20-06-2026,27-07-2026,30-08-2026,26-09-2026,,03-06-2026,04-06-2026,11-06-2026,24-06-2026,16-08-2026,02-09-2026,23-09-2026,20-06-2026,03-07-2026,13,US,failed,failed,failed,52,46,0.26087,0.4,30,Yes,Yes,,,,,progressed,,,,,,,,,,16-07-2026,29-08-2026,44,US,passed,passed,passed,107,106,0.415094,0.26,100,Yes,Yes,29-08-2026,03-09-2026,5,US,progressed,,progressed,94,2,1,0.16,200,No,No,03-09-2026,28-09-2026,25,US,in_progress,in_progress,in_progress,476,0,0,0.1,450,Yes,No,,,,,,,,,,,,,,,25,8,ROW,8,P3,Pending / Ongoing,P3 S1 In Progress
026a120c807e0094812e891c9140a3fd3d0f1d48,Vintage Heart,102c94d9aa20e5bb4057e3744492b076d347b73e,Vintage Heart,818fc347ac7de7cdeda2b39b20e2cc30fc4c4d64,WBP,Tejaswini,Pragati,No contest,Romance,5.0 P3 Testing Candidates,5.5 P3 S1 Failed,failed,46-90d,approved,active,Live contracted,ongoing,open_for_withdrawal,07-06-2026,07-07-2026,On,07-03-2026,07-03-2026,26-09-2026,739015,70700,99.991111,4,15,moderation_passed,10,09-03-2026,Pass,79.718,23,USA,action_needed_p3_failed,,08-03-2026,20-03-2026,09-04-2026,01-05-2026,03-06-2026,27-06-2026,08-03-2026,10-03-2026,15-03-2026,31-03-2026,21-04-2026,06-05-2026,30-05-2026,21-03-2026,17-04-2026,27,ROW,passed,passed,passed,192,32,0.4375,0.265319,30,Yes,Yes,,,,,progressed,,,,,,,,,,17-04-2026,13-05-2026,26,ROW,passed,passed,passed,250,109,0.293578,0.192533,100,Yes,Yes,13-05-2026,09-07-2026,57,ROW,passed,passed,passed,440,206,0.228155,0.010416,200,Yes,Yes,09-07-2026,24-09-2026,77,US,failed,failed,failed,481,453,0.083885,0.1,450,Yes,Yes,,,,,,,,,,,,,,,6,2,ROW,2,P3,Failed / Exited,Explicit Testing Failure
1b7d89c237c133e6c5b15db13e684c2e1f3688e1,War God of the Red Sea!,9557412fd40cf84e516cf58f8ac24586,War God Of The Red Sea!,d6213d1ab0728cb2533ce4e9dcc5fe210874eccc,FTC 3.0,,Pragati,No contest,Drama,5.0 P3 Testing Candidates,5.3 P3 S1 In Progress,in_progress,16-30d,approved,active,Not contracted,,,,,Off,11-06-2026,11-06-2026,27-09-2026,321787,35233,32.188056,7,28,moderation_passed,10,12-06-2026,Pass,88,30,USA,testing_p3,,11-06-2026,12-06-2026,14-06-2026,20-06-2026,10-09-2026,,11-06-2026,12-06-2026,13-06-2026,14-06-2026,20-06-2026,10-09-2026,,14-06-2026,27-06-2026,13,US,passed,passed,passed,57,55,0.454545,0.4,30,Yes,Yes,27-06-2026,10-07-2026,13,US,passed,passed,passed,97,87,0.413793,0.4,70,Yes,Yes,10-07-2026,07-09-2026,59,US,progressed,,progressed,111,81,0.283951,0.26,100,Yes,No,,,,,progressed,,,,,,,,,,07-09-2026,28-09-2026,21,US,in_progress,in_progress,in_progress,338,0,0,0.1,450,No,No,,,,,,,,,,,,,,,148,73,Nigeria,72,P3,Pending / Ongoing,P3 S1 In Progress
8824fc43e4267c5a0e2b7acff644eae4b8b2222d,Was It Only Lust?,cc86f863342a67f6b27c55406eb517aa91c45a84,Was It Only Lust?,d4f3355ca0ccde8d915d8df854a8703449fc9869,WBP,Chitra,Akash,No contest,Romance,5.0 P3 Testing Candidates,5.3 P3 S1 In Progress,in_progress,46-90d,approved,active,Live contracted,ongoing,open_for_withdrawal,01-04-2026,15-04-2026,On,13-11-2025,13-11-2025,23-09-2026,396809,64820,51.532222,1,2,moderation_passed,10,26-11-2025,Pass,75.22,12,USA,testing_p3,,13-11-2025,13-11-2025,14-04-2026,03-05-2026,16-08-2026,,13-11-2025,13-11-2025,13-11-2025,01-04-2026,20-04-2026,16-05-2026,22-08-2026,,,,,progressed,,,,,,,,,,26-11-2025,25-02-2026,91,,passed,passed,passed,,,,,,,,02-04-2026,03-06-2026,62,US,passed,passed,passed,118,104,0.298077,0.26,100,Yes,Yes,03-06-2026,25-07-2026,52,US,passed,passed,passed,205,203,0.172414,0.16,200,Yes,Yes,25-07-2026,28-09-2026,65,US,in_progress,in_progress,in_progress,482,63,0.015873,0.1,450,Yes,No,,,,,,,,,,,,,,,130,31,Nigeria,30,P3,Pending / Ongoing,P3 S1 In Progress
f23c3d5745910e4c7cf490450f5314358a0cec03,When My Ex Returned,42d278fb0e0e9a2d96a91790095995a5,When My Ex Returned,7c00eb58446f97c6312ecb96b37694163886ded5,WBP - Filtered,Arnav,Nimit,FTC,Romance,5.0 P3 Testing Candidates,5.3 P3 S1 In Progress,in_progress,46-90d,approved,active,Live contracted,ongoing,open_for_withdrawal,28-05-2026,05-06-2026,On,18-05-2026,19-05-2026,27-09-2026,449558,101009,50.543889,4,20,moderation_passed,10,19-05-2026,Pass,74,0,ROW,testing_p3,,22-05-2026,07-06-2026,16-06-2026,13-07-2026,10-08-2026,18-09-2026,19-05-2026,22-05-2026,06-06-2026,14-06-2026,05-07-2026,01-08-2026,02-09-2026,09-06-2026,22-06-2026,13,ROW,passed,passed,passed,171,65,0.4,0.265319,30,Yes,Yes,22-06-2026,23-06-2026,1,ROW,passed,passed,passed,171,108,0.324074,0.265319,70,Yes,Yes,23-06-2026,17-07-2026,24,ROW,passed,passed,passed,438,198,0.171717,0.077458,100,Yes,Yes,17-07-2026,28-07-2026,11,ROW,progressed,,progressed,323,0,0,0.010416,200,Yes,No,28-07-2026,28-09-2026,62,US,in_progress,in_progress,in_progress,481,398,0.095477,0.1,450,Yes,No,,,,,,,,,,,,,,,3,2,Nigeria,2,P3,Pending / Ongoing,P3 S1 In Progress
4e8fc1ec90ca0e70f873bdd45aea984fc56b5c89,When Strangers Say I Do,d72fd8adde392632f6c484bf33e67eb7cdf51af9,When Strangers Say I Do,c216cfdbee3bf651d51a1ea1edf0cfa7c6b2fb30,WBP,Priyanshi,Anisha,No contest,Drama,5.0 P3 Testing Candidates,5.3 P3 S1 In Progress,in_progress,31-45d,approved,active,Live contracted,ongoing,open_for_withdrawal,16-10-2025,24-10-2025,Off,16-07-2025,16-07-2025,11-08-2026,447045,0,54.483056,0,0,moderation_passed,10,30-09-2025,,,2,,testing_p3,2025-12-23T06:16:05.000Z,17-07-2025,28-08-2025,03-10-2025,07-11-2025,05-01-2026,09-08-2026,17-07-2025,28-07-2025,22-08-2025,15-09-2025,25-10-2025,14-11-2025,05-01-2026,,,,,progressed,,,,,,,,,,18-08-2025,30-09-2025,43,,passed,passed,passed,,,,,,,,28-08-2026,28-08-2026,0,US,progressed,,progressed,0,0,0,,100,No,No,,,,,progressed,,,,,,,,,,28-08-2026,28-09-2026,31,US,in_progress,in_progress,in_progress,274,0,0,0.1,450,No,No,,,,,,,,,,,,,,,9,3,ROW,3,P3,Pending / Ongoing,P3 S1 In Progress
5d4e7e8696e74e383e0ea0e4f4f535ba9758496a,Who Fathered My Twins,ac1f57b72dddac39c0e7e213b04b6501f21c0121,Who Fathered My Twins,d4f3355ca0ccde8d915d8df854a8703449fc9869,WBP,Manaswini,Harley,No contest,Romance,5.0 P3 Testing Candidates,5.4 P3 S1 Paused,paused,31-45d,approved,active,Live contracted,ongoing,open_for_withdrawal,23-12-2025,09-01-2026,Off,03-11-2025,03-11-2025,08-03-2026,323979,0,43.636667,0,0,moderation_passed,10,03-11-2025,,,12,,testing_p3,2026-04-24T06:47:20.000Z,03-11-2025,04-11-2025,05-01-2026,07-02-2026,03-03-2026,,03-11-2025,03-11-2025,04-11-2025,30-11-2025,15-01-2026,11-02-2026,03-03-2026,,,,,progressed,,,,,,,,,,12-11-2025,04-01-2026,53,,passed,passed,passed,,,,,,,,28-08-2026,28-08-2026,0,US,progressed,,progressed,0,0,0,,100,No,No,04-01-2026,24-04-2026,110,ROW,failed,failed,failed,353,213,0.028169,0.100724,200,Yes,Yes,28-08-2026,,,US,paused,paused,paused,0,0,0,,450,No,No,,,,,,,,,,,,,,,130,27,Nigeria,26,P3,Pending / Ongoing,P3 S1 Paused
57e670da35fed12abf270953b1cf3cf942fc89e1,"You Are Mine Alone, Love",a8c1d86e81df53e91ebe1e309a49d8e2,"You Are Mine Alone, Love",6f14a59550807bb2e0b3349e3cf8ac4b272bf754,WBP,Priyanshi,Anisha,No contest,Romance,5.0 P3 Testing Candidates,5.3 P3 S1 In Progress,in_progress,16-30d,approved,active,Live contracted,ongoing,open_for_withdrawal,27-06-2026,10-07-2026,On,26-04-2026,26-04-2026,27-09-2026,570635,92953,59.898056,7,28,moderation_passed,10,26-04-2026,Pass,85,29,USA,testing_p3,,26-04-2026,26-04-2026,11-05-2026,27-06-2026,07-07-2026,09-08-2026,26-04-2026,26-04-2026,26-04-2026,08-05-2026,21-06-2026,05-07-2026,04-08-2026,29-04-2026,12-05-2026,13,US,passed,passed,passed,36,32,0.40625,0.4,30,Yes,Yes,12-05-2026,25-05-2026,13,US,passed,passed,passed,124,82,0.487805,0.4,70,Yes,Yes,25-05-2026,03-07-2026,39,US,passed,passed,passed,108,101,0.316832,0.26,100,Yes,Yes,03-07-2026,08-09-2026,67,US,progressed,,progressed,171,150,0.04,0.16,200,No,No,08-09-2026,28-09-2026,20,US,in_progress,in_progress,in_progress,78,0,0,0.1,450,No,No,,,,,,,,,,,,,,,17,16,ROW,9,P3,Pending / Ongoing,P3 S1 In Progress
ba1065d04424754ef65327a97989402f6a123e5a,Yours by Accident,5a1ab140d9bb3edfa898578cdce6d5e4ad094583,Yours by Accident,5f2159c2f3e22585c1f08e601de7cb6f34e71eca,WBP,Sanskar,Aakash,Non-FTC,Romance,5.0 P3 Testing Candidates,5.3 P3 S1 In Progress,in_progress,16-30d,approved,active,Live contracted,ongoing,open_for_withdrawal,11-11-2025,13-11-2025,Off,10-07-2025,10-07-2025,22-09-2026,1108875,119373,133.521111,1,7,moderation_passed,10,01-10-2025,,,17,,testing_p3,2025-12-29T06:35:17.000Z,10-07-2025,16-07-2025,16-09-2025,19-10-2025,27-10-2025,02-11-2025,10-07-2025,11-07-2025,14-07-2025,12-09-2025,16-10-2025,26-10-2025,30-10-2025,,,,,progressed,,,,,,,,,,28-08-2025,26-10-2025,59,,passed,passed,passed,,,,,,,,11-09-2026,11-09-2026,0,US,progressed,,progressed,0,0,0,,100,No,No,,,,,progressed,,,,,,,,,,11-09-2026,28-09-2026,17,US,in_progress,in_progress,in_progress,53,0,0,0.1,450,No,No,,,,,,,,,,,,,,,18,9,Philippines,9,P3,Pending / Ongoing,P3 S1 In Progress
